[{
  "_id": {
    "$oid": "62efaaa01fd6442ad3eaba67"
  },
  "server": "NamPham",
  "total": "1",
  "accKhoitao": "413.15",
  "accBalance": "281.87",
  "accEquity": "281.87",
  "accNumber": "8496774",
  "donbay": "1000",
  "accServer": "Exness-Trial2",
  "Order_id": [
    {
      "$oid": "62efaaa01fd6442ad3eaba65"
    },
    {
      "$oid": "62efaaa11fd6442ad3eaba6a"
    },
    {
      "$oid": "62efae7b1fd6442ad3ead790"
    },
    {
      "$oid": "62efb0761fd6442ad3eade9d"
    },
    {
      "$oid": "62f0ecf0f74a1cbede146546"
    },
    {
      "$oid": "62f0ef51c36863a1660c146d"
    },
    {
      "$oid": "62f12832c36863a1660e5320"
    },
    {
      "$oid": "62f130fac36863a1660ea110"
    },
    {
      "$oid": "62f13a63c36863a1660efb1e"
    },
    {
      "$oid": "62f23d6fc36863a16617f7cb"
    },
    {
      "$oid": "62f2443fc36863a166184b9c"
    },
    {
      "$oid": "62f27a4c9e81904a2030ec40"
    },
    {
      "$oid": "62f863c61c31e33c0114cc9b"
    },
    {
      "$oid": "62f8ab841c31e33c0116b050"
    },
    {
      "$oid": "62fa31bb5de99adfc67f4170"
    },
    {
      "$oid": "62fa3eef5de99adfc67fb8b8"
    },
    {
      "$oid": "63037eebbe78d3aa1c20bd7e"
    },
    {
      "$oid": "6304f1fbd877f254e58417b4"
    },
    {
      "$oid": "6305ffe50518ff3097b3d29e"
    },
    {
      "$oid": "6305ffe50518ff3097b3d2a7"
    },
    {
      "$oid": "63063d7c0518ff3097b64b5e"
    },
    {
      "$oid": "630de69c0018b22bde4d03bc"
    },
    {
      "$oid": "630de8360018b22bde4d1135"
    },
    {
      "$oid": "630df8ecbfa7b615ac4d0c96"
    },
    {
      "$oid": "630dfab7b8ca2d21ab729417"
    },
    {
      "$oid": "630dfaf8cf5b4bd067d374e1"
    },
    {
      "$oid": "630dfb6da004be5c131eb614"
    },
    {
      "$oid": "630dfd596034ee8362fc738a"
    },
    {
      "$oid": "630dfdb9ee7f49e4510afdda"
    },
    {
      "$oid": "630dfe042357d557841c5dd8"
    },
    {
      "$oid": "630dfe33c768106bdb75a6e8"
    },
    {
      "$oid": "630e00eecc862f91d0860c0d"
    },
    {
      "$oid": "630e0257cc862f91d08619f9"
    },
    {
      "$oid": "630e2d730910f146e3251d3f"
    },
    {
      "$oid": "630e30f2abd6f90987a8f3de"
    },
    {
      "$oid": "630e32e32e552f040c236c07"
    },
    {
      "$oid": "630e3353c8d85a381ce3d86e"
    },
    {
      "$oid": "630e3476b4b27fb2e6ffe24e"
    },
    {
      "$oid": "630e34e2b4b27fb2e6ffe8ef"
    },
    {
      "$oid": "630e3592b4b27fb2e6fff3f8"
    },
    {
      "$oid": "630e36f4901076404ae9291d"
    },
    {
      "$oid": "630e37439872120344d0eacd"
    },
    {
      "$oid": "630f3fc8876ca4ce2f800f4a"
    },
    {
      "$oid": "630f4f9dce6b2434946ba6c3"
    },
    {
      "$oid": "630f500af34d83c614ca8381"
    },
    {
      "$oid": "630f50743c32dd6faca07089"
    },
    {
      "$oid": "630f515a391c237ca22fdfec"
    },
    {
      "$oid": "630f554eb69e31a04c1fc1b2"
    },
    {
      "$oid": "630f573554f1377e6708aa5a"
    },
    {
      "$oid": "630f590dcd5967ad7e8ae77c"
    },
    {
      "$oid": "630f594ecd5967ad7e8aea5a"
    },
    {
      "$oid": "630f5aa88acace0257a48982"
    },
    {
      "$oid": "630f5e72aa94cc697f9517eb"
    },
    {
      "$oid": "630f5f042a43cb956dbfff25"
    },
    {
      "$oid": "630f5f2a2a43cb956dc00157"
    },
    {
      "$oid": "630f601d2a43cb956dc00c03"
    },
    {
      "$oid": "630f60262a43cb956dc00c74"
    },
    {
      "$oid": "630f60402a43cb956dc00e62"
    },
    {
      "$oid": "6310772a42e68e96fcff966c"
    },
    {
      "$oid": "6310780a4d7043cbd9b81619"
    },
    {
      "$oid": "6310783b4d7043cbd9b817a1"
    },
    {
      "$oid": "63107a20ab7ed6197c35c734"
    },
    {
      "$oid": "63107d57ab7ed6197c35e428"
    },
    {
      "$oid": "63107d57ab7ed6197c35e42d"
    },
    {
      "$oid": "63107fafab7ed6197c360449"
    },
    {
      "$oid": "631081c254bea2aa59ff9f1c"
    },
    {
      "$oid": "631081fe54bea2aa59ffa223"
    },
    {
      "$oid": "63108a4e77949b4c45f74bdc"
    },
    {
      "$oid": "63108bef851952aa3ad4ab8e"
    },
    {
      "$oid": "6310aff4d399e5436c1dba83"
    },
    {
      "$oid": "6310b52ad399e5436c1e8cb4"
    },
    {
      "$oid": "631175c31db9ec66121d10b2"
    },
    {
      "$oid": "631175e91db9ec66121d1121"
    },
    {
      "$oid": "63117e77dcbdab4a0e5e8ce5"
    },
    {
      "$oid": "63118944dcbdab4a0e5eb8e1"
    },
    {
      "$oid": "63118990dcbdab4a0e5eba3d"
    },
    {
      "$oid": "63118afd6634eb06614afb52"
    },
    {
      "$oid": "63118b5c4755e0b6b360427e"
    },
    {
      "$oid": "63118bc64755e0b6b360438c"
    },
    {
      "$oid": "6311a073540cf0c7371581ef"
    },
    {
      "$oid": "6311a20eb88c9e83cbe8bd99"
    },
    {
      "$oid": "6311a9e3da7ca9c50036d075"
    },
    {
      "$oid": "6311cbcfda7ca9c5003730a0"
    },
    {
      "$oid": "6311cc38da7ca9c5003732fe"
    },
    {
      "$oid": "6311e165c5fa95173fb77d67"
    },
    {
      "$oid": "6312f776360692f8743902d8"
    },
    {
      "$oid": "6313046ec663c00ddf76f19c"
    },
    {
      "$oid": "6313082ec663c00ddf76fafe"
    },
    {
      "$oid": "631308d1c663c00ddf76fcc7"
    },
    {
      "$oid": "63130aabc663c00ddf770973"
    },
    {
      "$oid": "6313102dc663c00ddf7753fc"
    },
    {
      "$oid": "63131f73f705f9fc8e55c6cb"
    },
    {
      "$oid": "6313234d7e6151526e0035ec"
    },
    {
      "$oid": "63135ab2d08af897806198cb"
    },
    {
      "$oid": "6313a69fd08af8978064d4fe"
    },
    {
      "$oid": "63146abae22f0005088cfe42"
    },
    {
      "$oid": "631494bee22f0005088dfa74"
    },
    {
      "$oid": "631534b7001978eec6b6554e"
    },
    {
      "$oid": "63157d1c001978eec6b70383"
    },
    {
      "$oid": "63157d56001978eec6b7041a"
    },
    {
      "$oid": "63158264001978eec6b74408"
    },
    {
      "$oid": "63158979001978eec6b79ef7"
    },
    {
      "$oid": "63159d2f001978eec6b880d8"
    },
    {
      "$oid": "63159d48001978eec6b88116"
    },
    {
      "$oid": "63159de1001978eec6b8827b"
    },
    {
      "$oid": "63159ea0001978eec6b885cd"
    },
    {
      "$oid": "6315b056001978eec6b8a07d"
    },
    {
      "$oid": "6315b50a001978eec6b8afe5"
    },
    {
      "$oid": "6315ce39001978eec6b8e811"
    },
    {
      "$oid": "6315d20f001978eec6b8ee47"
    },
    {
      "$oid": "6315d45b001978eec6b8f4d9"
    },
    {
      "$oid": "631600df001978eec6b98237"
    },
    {
      "$oid": "63160dfccd6e1b16c7a0eff0"
    },
    {
      "$oid": "63161075fc1c90ebfcfc532c"
    },
    {
      "$oid": "631617c9883e7ce2972a73fb"
    },
    {
      "$oid": "631622fe70b0b1de05942a0a"
    },
    {
      "$oid": "631625532aa7f4d6d12e714a"
    },
    {
      "$oid": "631627f8d09d2e5d177326e5"
    },
    {
      "$oid": "631628b752939db814fbe24e"
    },
    {
      "$oid": "631629cf4bc5bcc98b0b217f"
    },
    {
      "$oid": "63162cb64bc5bcc98b0b2e5b"
    },
    {
      "$oid": "63163206d92fe909a430b526"
    },
    {
      "$oid": "6316333d8d08ed4ed4514b53"
    },
    {
      "$oid": "631759e5bfea4b2625e4468a"
    },
    {
      "$oid": "63175a6dbfea4b2625e448b3"
    },
    {
      "$oid": "631899780db568be906f3c70"
    },
    {
      "$oid": "631899a90db568be906f3d6f"
    },
    {
      "$oid": "631899d90db568be906f3e50"
    },
    {
      "$oid": "63189a760db568be906f41ad"
    },
    {
      "$oid": "6318a40001afd493f5ade3b3"
    },
    {
      "$oid": "6318a48901afd493f5ade78a"
    },
    {
      "$oid": "6318aac8b3930ecf6c39b870"
    },
    {
      "$oid": "6318aefde518a0b8a5556f5b"
    },
    {
      "$oid": "6318b0337d7f23ed7364f288"
    },
    {
      "$oid": "6318b10a9736bcefbe3a0668"
    },
    {
      "$oid": "6318b17721cb3758f4c16695"
    },
    {
      "$oid": "6318b1daea0491ecf23131b6"
    },
    {
      "$oid": "6318b433d4d3e6cc8d9ae9d0"
    },
    {
      "$oid": "6318b472cc3bc3133bcb3305"
    },
    {
      "$oid": "6318b637766ae080770af722"
    },
    {
      "$oid": "6318b642766ae080770af788"
    },
    {
      "$oid": "6318b6aa69e5383b4aea7e2c"
    },
    {
      "$oid": "6318b6c869e5383b4aea7f7e"
    },
    {
      "$oid": "6318b75f0f43f263ad5edc72"
    },
    {
      "$oid": "6318b79f0f43f263ad5ede24"
    },
    {
      "$oid": "6318b80b5d714988af39860b"
    },
    {
      "$oid": "6318b875e591720900924bc3"
    },
    {
      "$oid": "6318b8bde4e38c5ee6c0db81"
    },
    {
      "$oid": "6318b9467c52fb379addcd1d"
    },
    {
      "$oid": "6318b987f2c392fd06984f52"
    },
    {
      "$oid": "6318b9ca15da88a5601d2e4b"
    },
    {
      "$oid": "6318ba0e8c2c728d9d2be40b"
    },
    {
      "$oid": "6318bbba97ccc54956d13388"
    },
    {
      "$oid": "6318bc0797ccc54956d1349f"
    },
    {
      "$oid": "631b176f4f5578700503e004"
    },
    {
      "$oid": "631b341f083cc2a64cc2b7ea"
    },
    {
      "$oid": "631b3a5d66fbca145f4f421b"
    },
    {
      "$oid": "631b41891e99dfe87ca107ad"
    },
    {
      "$oid": "631b44a39573a5db6ac5e96d"
    },
    {
      "$oid": "631b44fc5d83e6fe59e35f95"
    },
    {
      "$oid": "631b45ab122ab7c2b507a10b"
    },
    {
      "$oid": "631b45d2122ab7c2b507a1fa"
    },
    {
      "$oid": "631c148b95d29b6963932c60"
    }
  ],
  "createdAt": {
    "$date": {
      "$numberLong": "1659873952785"
    }
  },
  "updatedAt": {
    "$date": {
      "$numberLong": "1662784662252"
    }
  },
  "__v": 0
},{
  "_id": {
    "$oid": "6306ae4459406908ed2253e3"
  },
  "server": "NamPham",
  "total": "1",
  "accKhoitao": "16.08",
  "accBalance": "33.75",
  "accEquity": "33.75",
  "accNumber": "14137811",
  "donbay": "2000",
  "accServer": "Exness-Real4",
  "Order_id": [
    {
      "$oid": "6306ae4459406908ed2253e1"
    },
    {
      "$oid": "6306ae4459406908ed2253e7"
    },
    {
      "$oid": "6306ae4459406908ed2253e9"
    },
    {
      "$oid": "6307827d9c53f6806067871e"
    },
    {
      "$oid": "6307827d9c53f68060678720"
    },
    {
      "$oid": "630782aa9c53f68060678af4"
    },
    {
      "$oid": "630c94c655528e26ed07b2fb"
    },
    {
      "$oid": "630c94c655528e26ed07b2fd"
    },
    {
      "$oid": "630c956055528e26ed07bd27"
    },
    {
      "$oid": "630c9e9855528e26ed0885f0"
    },
    {
      "$oid": "630c9ee055528e26ed088d59"
    },
    {
      "$oid": "630c9f7c55528e26ed08a6ed"
    },
    {
      "$oid": "630cb87ed56f437c0ddec9d9"
    },
    {
      "$oid": "631730eff79410dde2c6f92e"
    },
    {
      "$oid": "631748d1bfea4b2625e408d2"
    },
    {
      "$oid": "6319cf51ae1fa12ada0630b3"
    },
    {
      "$oid": "6319d18cae1fa12ada063428"
    },
    {
      "$oid": "631f0f5f99501f2884485d52"
    },
    {
      "$oid": "63205b1e8d0e1fbb849e7fd4"
    },
    {
      "$oid": "6321ac7f2c720e2dbe4c01c2"
    },
    {
      "$oid": "632202c1401a5b4a3d1a93a7"
    },
    {
      "$oid": "6323082d86e4e39fbf9f9b91"
    },
    {
      "$oid": "63232f1886e4e39fbf9fcf22"
    },
    {
      "$oid": "6323371486e4e39fbf9fdb60"
    },
    {
      "$oid": "6323425486e4e39fbf9fdfe9"
    },
    {
      "$oid": "6323447486e4e39fbf9fe0ad"
    },
    {
      "$oid": "632849b58dc84454d85cb130"
    },
    {
      "$oid": "63286a8fcb4a2dee491b705a"
    },
    {
      "$oid": "6329deb6ab310d0ff0887ca8"
    },
    {
      "$oid": "6329deffab310d0ff0887d3f"
    },
    {
      "$oid": "632ae667f5049ccfc4201973"
    },
    {
      "$oid": "632ae6c3f5049ccfc4201a31"
    },
    {
      "$oid": "632b145f27d1d4fa3318d3a0"
    },
    {
      "$oid": "632b9c5622b067ea0e00a937"
    },
    {
      "$oid": "632c42b468d5d7fd578fef2d"
    },
    {
      "$oid": "632c4fe368d5d7fd57900eac"
    },
    {
      "$oid": "632c7508f020c4759b2d746f"
    },
    {
      "$oid": "632da3e42b5a2f426c70e098"
    },
    {
      "$oid": "63317e6c092f0c164037133b"
    },
    {
      "$oid": "6331a6b0a14c1faee7582443"
    },
    {
      "$oid": "6331c706dfedf60d8b31da77"
    },
    {
      "$oid": "6332f0427991b4fca9e53662"
    },
    {
      "$oid": "6333135b966c80dbaf6207cf"
    },
    {
      "$oid": "6333bf579604d67e8906209c"
    },
    {
      "$oid": "6333bfce9604d67e89062273"
    },
    {
      "$oid": "633577dde291df291a73a0f7"
    },
    {
      "$oid": "6335aa6ae291df291a73d96f"
    },
    {
      "$oid": "6336d35e510f4ae7c3602335"
    },
    {
      "$oid": "633abbc9adace6434cba51a2"
    },
    {
      "$oid": "633ac41eadace6434cba5923"
    },
    {
      "$oid": "633b014aadace6434cbab85d"
    },
    {
      "$oid": "633c0a05d84facc5053479e5"
    },
    {
      "$oid": "633c0b38d84facc505347ebc"
    },
    {
      "$oid": "633c3ef8d84facc5053482c2"
    },
    {
      "$oid": "633c400ad84facc5053486d6"
    },
    {
      "$oid": "633d5d63a7d7c05d5804df15"
    },
    {
      "$oid": "633d5e10a7d7c05d5804e1e8"
    },
    {
      "$oid": "633d996d7e4add54be074087"
    },
    {
      "$oid": "633e0fc3c41d951ff5e6fc56"
    },
    {
      "$oid": "633eb15ba2dd490abedfa180"
    },
    {
      "$oid": "633ee249cff1e0bb67555ed5"
    },
    {
      "$oid": "633f63479b66c91e88dd7860"
    },
    {
      "$oid": "634421fd912d7940e471cdcb"
    },
    {
      "$oid": "63442294912d7940e471d046"
    },
    {
      "$oid": "63456200fd662f548e1965a0"
    },
    {
      "$oid": "63469c85496c0489ff8e1299"
    },
    {
      "$oid": "634d3d19bb63ee6bd07f6ece"
    },
    {
      "$oid": "634d4ee9bb63ee6bd07fa7f5"
    },
    {
      "$oid": "634d5c9abb63ee6bd07fc6bf"
    },
    {
      "$oid": "634e7f8785878d07002dcc11"
    },
    {
      "$oid": "634fd2f6d5fe2d390932b0a1"
    },
    {
      "$oid": "6350057fd5fe2d39093375a3"
    },
    {
      "$oid": "63512178b1f535799e2eb582"
    },
    {
      "$oid": "635121cdb1f535799e2eb6ea"
    },
    {
      "$oid": "63512890b1f535799e2ebb20"
    },
    {
      "$oid": "6355fafdcb25b53549638f9a"
    },
    {
      "$oid": "63566a5e40ac4b8f72a09b3b"
    },
    {
      "$oid": "6356a41540ac4b8f72a10fe9"
    },
    {
      "$oid": "6356a57640ac4b8f72a11565"
    },
    {
      "$oid": "6357d8ed4ec6524765e69714"
    },
    {
      "$oid": "6357da0c4ec6524765e69b51"
    },
    {
      "$oid": "63590dba6306196311b1e242"
    },
    {
      "$oid": "635927b76306196311b2465d"
    },
    {
      "$oid": "63592b996306196311b255a5"
    },
    {
      "$oid": "6359c5310f09da2b95bceefe"
    },
    {
      "$oid": "635a5e4e2538462d0c257832"
    },
    {
      "$oid": "635a65b02538462d0c25953d"
    },
    {
      "$oid": "635fa693d9d0240d64735b21"
    },
    {
      "$oid": "635fa9f5d9d0240d647367fe"
    },
    {
      "$oid": "635fc2a2d9d0240d6473ddd5"
    },
    {
      "$oid": "635fc2edd9d0240d6473df3e"
    },
    {
      "$oid": "6360f6c0aca0c763987c7d24"
    },
    {
      "$oid": "6360f72eaca0c763987c7eeb"
    },
    {
      "$oid": "6360f7cbaca0c763987c8238"
    },
    {
      "$oid": "6364f8501ddb0c630e9ab872"
    },
    {
      "$oid": "6368effaf0be00579c57dca1"
    },
    {
      "$oid": "636a7120c74bbbb9d1c7ed7f"
    },
    {
      "$oid": "636bae19fa0ede3b34366c0d"
    },
    {
      "$oid": "636bae85fa0ede3b34366dbe"
    },
    {
      "$oid": "636baef1fa0ede3b34367004"
    },
    {
      "$oid": "636cf54ff00f22e59cc86a39"
    },
    {
      "$oid": "636cfdbbf00f22e59cc87eea"
    },
    {
      "$oid": "636e3f69279bd626f52cae31"
    },
    {
      "$oid": "63738c8ca0c0db3605a0bd84"
    },
    {
      "$oid": "6373b1361198e650957a055c"
    },
    {
      "$oid": "6373b1a21198e650957a072e"
    },
    {
      "$oid": "6373b1db1198e650957a088e"
    },
    {
      "$oid": "6373b3611198e650957a16bf"
    },
    {
      "$oid": "6373b4161198e650957a20c4"
    },
    {
      "$oid": "637b620326756a491e62fd70"
    },
    {
      "$oid": "637ba15e59fc9aefa35b2a12"
    },
    {
      "$oid": "6384d70edac98dfad5e069fa"
    },
    {
      "$oid": "6385f47f9c3fd9ab44c8f983"
    }
  ],
  "createdAt": {
    "$date": {
      "$numberLong": "1661382212692"
    }
  },
  "updatedAt": {
    "$date": {
      "$numberLong": "1669821028640"
    }
  },
  "__v": 0
},{
  "_id": {
    "$oid": "6311dcb5c5fa95173fb75781"
  },
  "server": "NamPham",
  "total": "1",
  "accKhoitao": "500",
  "accBalance": "390.35",
  "accEquity": "390.35",
  "accNumber": "69238416",
  "donbay": "2000",
  "accServer": "Exness-Trial8",
  "Order_id": [
    {
      "$oid": "6311dcb4c5fa95173fb7577e"
    },
    {
      "$oid": "6311e140c5fa95173fb77c21"
    },
    {
      "$oid": "6311e4a1c5fa95173fb7a6af"
    },
    {
      "$oid": "6311e4bac5fa95173fb7a787"
    },
    {
      "$oid": "6311e5a6c5fa95173fb7ba01"
    },
    {
      "$oid": "6311e614c5fa95173fb7c57d"
    },
    {
      "$oid": "63120613d75819e035ddc376"
    },
    {
      "$oid": "631208f4ba6111ceb539eb00"
    }
  ],
  "createdAt": {
    "$date": {
      "$numberLong": "1662114997108"
    }
  },
  "updatedAt": {
    "$date": {
      "$numberLong": "1662131415177"
    }
  },
  "__v": 0
},{
  "_id": {
    "$oid": "6312041d9ed748edd1a46829"
  },
  "server": "NamPham",
  "total": "1",
  "accKhoitao": "502.71",
  "accBalance": "499.48",
  "accEquity": "499.48",
  "accNumber": "69238406",
  "donbay": "2000",
  "accServer": "Exness-Trial8",
  "Order_id": [
    {
      "$oid": "6312041d9ed748edd1a46822"
    },
    {
      "$oid": "63120776d75819e035dde271"
    },
    {
      "$oid": "63120893ba6111ceb539e1e3"
    },
    {
      "$oid": "631b5257122ab7c2b507df94"
    },
    {
      "$oid": "631b5292122ab7c2b507e185"
    },
    {
      "$oid": "631b5992122ab7c2b50820aa"
    }
  ],
  "createdAt": {
    "$date": {
      "$numberLong": "1662125085374"
    }
  },
  "updatedAt": {
    "$date": {
      "$numberLong": "1662736811503"
    }
  },
  "__v": 0
},{
  "_id": {
    "$oid": "63146c73e22f0005088d09a7"
  },
  "server": "NamPham",
  "total": "1",
  "accKhoitao": "501.15",
  "accBalance": "473.63",
  "accEquity": "473.63",
  "accNumber": "113022453",
  "donbay": "2000",
  "accServer": "Exness-MT5Trial6",
  "Order_id": [
    {
      "$oid": "63146c72e22f0005088d099f"
    },
    {
      "$oid": "63146fc2e22f0005088d2150"
    },
    {
      "$oid": "6319f19cae1fa12ada065acb"
    },
    {
      "$oid": "6319f35037a596e6efefab36"
    },
    {
      "$oid": "6319f8f2022f8a47611c2018"
    },
    {
      "$oid": "6319f91a022f8a47611c20bc"
    },
    {
      "$oid": "6319fece022f8a47611c2f6f"
    },
    {
      "$oid": "6319ff03022f8a47611c2ffc"
    },
    {
      "$oid": "6319ff54022f8a47611c30d7"
    },
    {
      "$oid": "631a02040998841a8dae7775"
    },
    {
      "$oid": "631a07f033af70f1982ca3f0"
    },
    {
      "$oid": "631a081733af70f1982ca468"
    },
    {
      "$oid": "631a087a33af70f1982ca5cc"
    },
    {
      "$oid": "631a08f5644637f9c4e7214b"
    },
    {
      "$oid": "631a0bba644637f9c4e72b73"
    },
    {
      "$oid": "631a0bec644637f9c4e72c66"
    },
    {
      "$oid": "631a0c11644637f9c4e72ccb"
    },
    {
      "$oid": "631a0c2b644637f9c4e72d10"
    },
    {
      "$oid": "631a1116fd206888bd622bfc"
    },
    {
      "$oid": "631a11d9fd206888bd622dd4"
    },
    {
      "$oid": "631a11f4fd206888bd622e0b"
    },
    {
      "$oid": "631ac544add8ef689bc26498"
    },
    {
      "$oid": "631acd81c3bb86cb18a00c08"
    },
    {
      "$oid": "631ace02c3bb86cb18a00dfb"
    },
    {
      "$oid": "631ad1e0e1b5e519be2aff08"
    },
    {
      "$oid": "631b36f57f9f0cda3ab19442"
    },
    {
      "$oid": "631b393bedd899069a6f7fc0"
    },
    {
      "$oid": "631b401d02e79772530d08c2"
    },
    {
      "$oid": "631b4a78081fdeb559b8d7e5"
    },
    {
      "$oid": "631b4a9e081fdeb559b8d85e"
    },
    {
      "$oid": "631b4ac6081fdeb559b8d90c"
    },
    {
      "$oid": "631bfb2979e63d87596061ed"
    },
    {
      "$oid": "631bfd3d843b6e2b5abf8916"
    },
    {
      "$oid": "631bfd4c843b6e2b5abf894b"
    },
    {
      "$oid": "631c0f87c6b2cd4eaef40a8c"
    },
    {
      "$oid": "631c128bc6b2cd4eaef41377"
    },
    {
      "$oid": "631c198ec6b2cd4eaef42901"
    },
    {
      "$oid": "631c19f0c6b2cd4eaef42a26"
    },
    {
      "$oid": "631c566abb85ed852ee57cfe"
    },
    {
      "$oid": "631c5ba36d6093f9d5936a2d"
    },
    {
      "$oid": "631c5c2b6d6093f9d5936b65"
    },
    {
      "$oid": "631ca1df6d6093f9d593ae82"
    },
    {
      "$oid": "631ca51f6d6093f9d593b173"
    },
    {
      "$oid": "631ca841017de745c27b9ff9"
    },
    {
      "$oid": "631ca9c29b54ec9c8784b513"
    },
    {
      "$oid": "631cab41eb19a3ce2b4d474b"
    },
    {
      "$oid": "631cb5983545ef785679cadb"
    },
    {
      "$oid": "631d3892e192357be021a4eb"
    },
    {
      "$oid": "631d39b3e192357be021a617"
    },
    {
      "$oid": "631d3b32e192357be021a7e9"
    },
    {
      "$oid": "631d402fa0ff576cf91108b6"
    },
    {
      "$oid": "631d409ca0ff576cf9110939"
    },
    {
      "$oid": "631d4285338bb506532b3e96"
    },
    {
      "$oid": "631d42f2338bb506532b3f0a"
    },
    {
      "$oid": "631d4402338bb506532b403a"
    },
    {
      "$oid": "631d4555338bb506532b4166"
    },
    {
      "$oid": "631d4d7e1e7795aecb1ee081"
    },
    {
      "$oid": "631d53741e7795aecb1ee597"
    },
    {
      "$oid": "631d53ac1e7795aecb1ee5d7"
    },
    {
      "$oid": "631d5a861e7795aecb1eeeba"
    },
    {
      "$oid": "631dedd437ae8b97159fb1c2"
    },
    {
      "$oid": "631defb537ae8b97159fbb07"
    },
    {
      "$oid": "631df03e37ae8b97159fbd8f"
    },
    {
      "$oid": "631df0c837ae8b97159fbf71"
    },
    {
      "$oid": "631df10437ae8b97159fc03c"
    },
    {
      "$oid": "631df2a937ae8b97159fc516"
    },
    {
      "$oid": "631df50b37ae8b97159fca50"
    },
    {
      "$oid": "631e029565f60aacbfb4a889"
    },
    {
      "$oid": "631e03e665f60aacbfb4acb5"
    },
    {
      "$oid": "631f127f5f8a84e985ffd156"
    },
    {
      "$oid": "631f13115f8a84e985ffd26a"
    },
    {
      "$oid": "631f18e366ddda43d16b350b"
    },
    {
      "$oid": "631f2520f6b97e4d4fb81e66"
    },
    {
      "$oid": "631f2cd2b52f756ce9dd858b"
    },
    {
      "$oid": "631f2ecdb52f756ce9dd8aaa"
    },
    {
      "$oid": "631f302db52f756ce9dd8db4"
    },
    {
      "$oid": "631f316ab52f756ce9dd90c3"
    },
    {
      "$oid": "631f43fed26543b8047d1fef"
    },
    {
      "$oid": "631f481639a4a268046db143"
    },
    {
      "$oid": "631f4e6839a4a268046dc4f1"
    }
  ],
  "createdAt": {
    "$date": {
      "$numberLong": "1662282867188"
    }
  },
  "updatedAt": {
    "$date": {
      "$numberLong": "1662996541328"
    }
  },
  "__v": 0
},{
  "_id": {
    "$oid": "63161b2870b0b1de0593e3b7"
  },
  "server": "NamPham",
  "total": "1",
  "accKhoitao": "99996.91",
  "accBalance": "92517.59",
  "accEquity": "92517.59",
  "accNumber": "70060301",
  "donbay": "500",
  "accServer": "Exness-Trial9",
  "Order_id": [
    {
      "$oid": "63161b2770b0b1de0593e3b2"
    },
    {
      "$oid": "6316209b70b0b1de059416cd"
    },
    {
      "$oid": "6316235e70b0b1de05942c5f"
    },
    {
      "$oid": "6316aa40f79410dde2c02c0c"
    },
    {
      "$oid": "6316b586f79410dde2c0713f"
    },
    {
      "$oid": "6316ed44f79410dde2c30ffb"
    },
    {
      "$oid": "631700bff79410dde2c45ba0"
    },
    {
      "$oid": "6317082df79410dde2c4e32d"
    },
    {
      "$oid": "6317fe537e68ea628311fecc"
    },
    {
      "$oid": "6317fefc7e68ea6283120e51"
    },
    {
      "$oid": "631820a77e68ea6283145f05"
    },
    {
      "$oid": "63182aca7e68ea628314f0d5"
    },
    {
      "$oid": "631836f77e68ea628315e4bb"
    },
    {
      "$oid": "631850b67e68ea62831855ad"
    },
    {
      "$oid": "63186db77e68ea62831b1b02"
    },
    {
      "$oid": "63186dda7e68ea62831b1e27"
    },
    {
      "$oid": "6319477545c04cbc1235ca18"
    },
    {
      "$oid": "6319736f45c04cbc1237aa71"
    },
    {
      "$oid": "631979de45c04cbc1237f97a"
    },
    {
      "$oid": "6319904545c04cbc1239655b"
    },
    {
      "$oid": "631990e445c04cbc12397491"
    },
    {
      "$oid": "63199a5c45c04cbc123a341e"
    }
  ],
  "createdAt": {
    "$date": {
      "$numberLong": "1662393128488"
    }
  },
  "updatedAt": {
    "$date": {
      "$numberLong": "1662627799262"
    }
  },
  "__v": 0
},{
  "_id": {
    "$oid": "63161b7070b0b1de0593e53c"
  },
  "server": "NamPham",
  "total": "1",
  "accKhoitao": "100000",
  "accBalance": "91857.74000000001",
  "accEquity": "91857.74000000001",
  "accNumber": "70060302",
  "donbay": "500",
  "accServer": "Exness-Trial9",
  "Order_id": [
    {
      "$oid": "63161b6f70b0b1de0593e536"
    },
    {
      "$oid": "63161f9b70b0b1de05940d60"
    },
    {
      "$oid": "63161fb270b0b1de05940e10"
    },
    {
      "$oid": "6316a973f79410dde2c0288c"
    },
    {
      "$oid": "6316b5bbf79410dde2c072ec"
    },
    {
      "$oid": "631700e6f79410dde2c45e41"
    },
    {
      "$oid": "631702def79410dde2c48436"
    },
    {
      "$oid": "6317082ef79410dde2c4e346"
    },
    {
      "$oid": "6317fd3b7e68ea628311e74f"
    },
    {
      "$oid": "631800e07e68ea6283123894"
    },
    {
      "$oid": "631820917e68ea6283145d9d"
    },
    {
      "$oid": "631846c47e68ea6283173cb2"
    },
    {
      "$oid": "63184ed17e68ea62831820df"
    },
    {
      "$oid": "6319478445c04cbc1235ca9c"
    },
    {
      "$oid": "6319735145c04cbc1237a8fa"
    },
    {
      "$oid": "631979f145c04cbc1237fa78"
    },
    {
      "$oid": "63198d4445c04cbc1239233b"
    },
    {
      "$oid": "631990b945c04cbc123970a3"
    },
    {
      "$oid": "631990d445c04cbc12397324"
    },
    {
      "$oid": "63199a5e45c04cbc123a343e"
    }
  ],
  "createdAt": {
    "$date": {
      "$numberLong": "1662393200353"
    }
  },
  "updatedAt": {
    "$date": {
      "$numberLong": "1662627768222"
    }
  },
  "__v": 0
},{
  "_id": {
    "$oid": "63161ba670b0b1de0593e6e1"
  },
  "server": "NamPham",
  "total": "1",
  "accKhoitao": "100000",
  "accBalance": "94546.62",
  "accEquity": "94546.62",
  "accNumber": "70060303",
  "donbay": "500",
  "accServer": "Exness-Trial9",
  "Order_id": [
    {
      "$oid": "63161ba670b0b1de0593e6dc"
    },
    {
      "$oid": "6316200570b0b1de05941124"
    },
    {
      "$oid": "6316a98ff79410dde2c028d0"
    },
    {
      "$oid": "6316b555f79410dde2c06ff4"
    },
    {
      "$oid": "63170100f79410dde2c4601e"
    },
    {
      "$oid": "6317082ff79410dde2c4e350"
    },
    {
      "$oid": "631802887e68ea6283125fff"
    },
    {
      "$oid": "631802b97e68ea62831264bf"
    },
    {
      "$oid": "631803c87e68ea628312828c"
    },
    {
      "$oid": "631809d87e68ea6283132040"
    },
    {
      "$oid": "631820bc7e68ea628314605f"
    },
    {
      "$oid": "6318470d7e68ea6283174332"
    },
    {
      "$oid": "63184ed17e68ea62831820e6"
    },
    {
      "$oid": "631896aa7e68ea62831efdd5"
    },
    {
      "$oid": "6318d74e24ef7eaa854c0948"
    },
    {
      "$oid": "6319479145c04cbc1235cb1c"
    },
    {
      "$oid": "6319732345c04cbc1237a720"
    },
    {
      "$oid": "63197a1845c04cbc1237fc8f"
    },
    {
      "$oid": "63198d5a45c04cbc1239249d"
    },
    {
      "$oid": "6319908d45c04cbc12396c5e"
    },
    {
      "$oid": "631990b845c04cbc1239706f"
    },
    {
      "$oid": "63199a5f45c04cbc123a345b"
    },
    {
      "$oid": "631a961afe60e336ddb9152f"
    }
  ],
  "createdAt": {
    "$date": {
      "$numberLong": "1662393254983"
    }
  },
  "updatedAt": {
    "$date": {
      "$numberLong": "1662709293001"
    }
  },
  "__v": 0
},{
  "_id": {
    "$oid": "631a9333be263aeb7000304b"
  },
  "server": "NamPham",
  "total": "0",
  "accKhoitao": "99802.7",
  "accBalance": "99428.51",
  "accEquity": "99452.22",
  "accNumber": "78026629",
  "donbay": "500",
  "accServer": "Exness-MT5Trial7",
  "Order_id": [
    {
      "$oid": "631a9533be263aeb70003168"
    },
    {
      "$oid": "631a95dcbe263aeb70003328"
    },
    {
      "$oid": "631a9680be263aeb700034b3"
    },
    {
      "$oid": "631a968ebe263aeb700034d7"
    },
    {
      "$oid": "631aa0c5be263aeb70003f83"
    },
    {
      "$oid": "631aa1ea7b2dba3e0757d7c1"
    },
    {
      "$oid": "631aa2537b2dba3e0757d8a8"
    },
    {
      "$oid": "631aa2697b2dba3e0757d8e9"
    },
    {
      "$oid": "631aa2cf7b2dba3e0757dac9"
    },
    {
      "$oid": "631aa4baadd8ef689bc225eb"
    },
    {
      "$oid": "631aa4c5add8ef689bc22635"
    },
    {
      "$oid": "631aa512add8ef689bc2280f"
    },
    {
      "$oid": "631aa51cadd8ef689bc22857"
    },
    {
      "$oid": "631aa5f8add8ef689bc22df3"
    },
    {
      "$oid": "631aeee5e1b5e519be2b421c"
    },
    {
      "$oid": "631aef2be1b5e519be2b444d"
    },
    {
      "$oid": "631b22097f9f0cda3ab0a79a"
    },
    {
      "$oid": "631c4319c6b2cd4eaef48501"
    },
    {
      "$oid": "631c4382c6b2cd4eaef485fc"
    },
    {
      "$oid": "631c45c7c6b2cd4eaef48a58"
    },
    {
      "$oid": "631c4689c6b2cd4eaef48ca6"
    },
    {
      "$oid": "631c46b3c6b2cd4eaef48d22"
    },
    {
      "$oid": "631c571ebb85ed852ee57e30"
    },
    {
      "$oid": "631c5723bb85ed852ee57e49"
    },
    {
      "$oid": "631c5787bb85ed852ee57f5b"
    },
    {
      "$oid": "631c5791bb85ed852ee57f85"
    },
    {
      "$oid": "631c57d6bb85ed852ee58069"
    },
    {
      "$oid": "631c57ebbb85ed852ee580c0"
    },
    {
      "$oid": "631c5825bb85ed852ee581ad"
    },
    {
      "$oid": "631c5825bb85ed852ee581ab"
    },
    {
      "$oid": "631c583fbb85ed852ee58213"
    },
    {
      "$oid": "631c584fbb85ed852ee58255"
    },
    {
      "$oid": "631c5893bb85ed852ee58350"
    },
    {
      "$oid": "631c5898bb85ed852ee5836b"
    }
  ],
  "createdAt": {
    "$date": {
      "$numberLong": "1662686003024"
    }
  },
  "updatedAt": {
    "$date": {
      "$numberLong": "1662802431018"
    }
  },
  "__v": 0
},{
  "_id": {
    "$oid": "631aa08bbe263aeb70003eb0"
  },
  "server": "NamPham",
  "total": "0",
  "accKhoitao": "100045.68",
  "accBalance": "100045.38",
  "accEquity": "100045.38",
  "accNumber": "113071561",
  "donbay": "500",
  "accServer": "Exness-MT5Trial6",
  "Order_id": [],
  "createdAt": {
    "$date": {
      "$numberLong": "1662689419150"
    }
  },
  "updatedAt": {
    "$date": {
      "$numberLong": "1662689448793"
    }
  },
  "__v": 0
},{
  "_id": {
    "$oid": "631aa1e97b2dba3e0757d7ba"
  },
  "server": "NamPham",
  "total": "1",
  "accKhoitao": "101173.33",
  "accBalance": "101325.85",
  "accEquity": "98078.43",
  "accNumber": "78026400",
  "donbay": "500",
  "accServer": "Exness-MT5Trial7",
  "Order_id": [
    {
      "$oid": "631aa1ed7b2dba3e0757d7db"
    },
    {
      "$oid": "631aa2797b2dba3e0757d92f"
    },
    {
      "$oid": "631aa466add8ef689bc224b7"
    },
    {
      "$oid": "632048884f50a88fbda3b1ce"
    },
    {
      "$oid": "632048c24f50a88fbda3b233"
    },
    {
      "$oid": "632048d64f50a88fbda3b260"
    },
    {
      "$oid": "632048fb4f50a88fbda3b2a9"
    },
    {
      "$oid": "632049244f50a88fbda3b2f9"
    },
    {
      "$oid": "632049294f50a88fbda3b309"
    },
    {
      "$oid": "632049634f50a88fbda3b370"
    },
    {
      "$oid": "6320496f4f50a88fbda3b399"
    },
    {
      "$oid": "6322cde9405d9fc767a28f05"
    },
    {
      "$oid": "6322ce16405d9fc767a28fe9"
    },
    {
      "$oid": "6322ce2c405d9fc767a29064"
    },
    {
      "$oid": "6322ce40405d9fc767a290e1"
    },
    {
      "$oid": "6322dd4b405d9fc767a2cc3a"
    },
    {
      "$oid": "6322dd56405d9fc767a2cc82"
    },
    {
      "$oid": "6322dd8b405d9fc767a2cda6"
    },
    {
      "$oid": "6322dd8f405d9fc767a2cdd1"
    },
    {
      "$oid": "6322dda3405d9fc767a2cea3"
    },
    {
      "$oid": "6322dda9405d9fc767a2cf07"
    },
    {
      "$oid": "6322ddae405d9fc767a2cf52"
    },
    {
      "$oid": "6323d9fd405d9fc767abc2f9"
    },
    {
      "$oid": "6323da07405d9fc767abc370"
    },
    {
      "$oid": "6323da2b405d9fc767abc50f"
    },
    {
      "$oid": "6323da38405d9fc767abc5b1"
    },
    {
      "$oid": "6323da49405d9fc767abc69e"
    }
  ],
  "createdAt": {
    "$date": {
      "$numberLong": "1662689769578"
    }
  },
  "updatedAt": {
    "$date": {
      "$numberLong": "1663575884659"
    }
  },
  "__v": 0
},{
  "_id": {
    "$oid": "631aa556add8ef689bc22a50"
  },
  "server": "NamPham",
  "total": "0",
  "accKhoitao": "100376.85",
  "accBalance": "100376.69",
  "accEquity": "100376.69",
  "accNumber": "113048695",
  "donbay": "500",
  "accServer": "Exness-MT5Trial6",
  "Order_id": [
    {
      "$oid": "631aa564add8ef689bc22aef"
    }
  ],
  "createdAt": {
    "$date": {
      "$numberLong": "1662690646608"
    }
  },
  "updatedAt": {
    "$date": {
      "$numberLong": "1662690682746"
    }
  },
  "__v": 0
},{
  "_id": {
    "$oid": "631ad504e1b5e519be2b0d94"
  },
  "server": "NamPham",
  "total": "2",
  "accKhoitao": "10115.52",
  "accBalance": "17594.29",
  "accEquity": "17594.29",
  "accNumber": "79016257",
  "donbay": "200",
  "accServer": "Exness-MT5Trial8",
  "Order_id": [
    {
      "$oid": "631ad508e1b5e519be2b0da8"
    },
    {
      "$oid": "631ad54ae1b5e519be2b0ea9"
    },
    {
      "$oid": "631c3ac6c6b2cd4eaef474c0"
    },
    {
      "$oid": "631c3ae6c6b2cd4eaef47516"
    },
    {
      "$oid": "631c3b15c6b2cd4eaef4759b"
    },
    {
      "$oid": "631c3bebc6b2cd4eaef47801"
    },
    {
      "$oid": "631c58a5bb85ed852ee583a7"
    },
    {
      "$oid": "631c5c2d6d6093f9d5936b71"
    },
    {
      "$oid": "631c5c58c6b2cd4eaef4ae4e"
    },
    {
      "$oid": "631c5c9ac6b2cd4eaef4aead"
    },
    {
      "$oid": "631c5cce6d6093f9d5936c74"
    },
    {
      "$oid": "631c5d196d6093f9d5936d2d"
    },
    {
      "$oid": "6322888f2ed9e95572089b50"
    },
    {
      "$oid": "6322897f2ed9e95572089d84"
    },
    {
      "$oid": "63228dd42ed9e9557208a6b7"
    },
    {
      "$oid": "63228efd2ed9e9557208aa77"
    },
    {
      "$oid": "6322909b2ed9e9557208aca2"
    },
    {
      "$oid": "632290fa2ed9e9557208ad36"
    },
    {
      "$oid": "6322911c2ed9e9557208ad6e"
    },
    {
      "$oid": "632291422ed9e9557208adae"
    },
    {
      "$oid": "632291c82ed9e9557208ae83"
    },
    {
      "$oid": "6322924c2ed9e9557208af76"
    },
    {
      "$oid": "6322929d2ed9e9557208b000"
    },
    {
      "$oid": "632292de2ed9e9557208b05d"
    },
    {
      "$oid": "632293832ed9e9557208b17e"
    },
    {
      "$oid": "632293d42ed9e9557208b20c"
    },
    {
      "$oid": "632294be2ed9e9557208b39e"
    },
    {
      "$oid": "6322962e2ed9e9557208b611"
    },
    {
      "$oid": "632296e32ed9e9557208b77a"
    },
    {
      "$oid": "632297462ed9e9557208b862"
    },
    {
      "$oid": "632298742ed9e9557208baa1"
    },
    {
      "$oid": "632298b02ed9e9557208bb62"
    },
    {
      "$oid": "632299de2ed9e9557208bcf5"
    }
  ],
  "createdAt": {
    "$date": {
      "$numberLong": "1662702852330"
    }
  },
  "updatedAt": {
    "$date": {
      "$numberLong": "1663212006648"
    }
  },
  "__v": 0
},{
  "_id": {
    "$oid": "631bffb5843b6e2b5abf8e4f"
  },
  "server": "NamPham",
  "total": "{0}",
  "accKhoitao": "{acc}",
  "accBalance": "{acc}",
  "accEquity": "{accE}",
  "accNumber": "{accN}",
  "donbay": "{donbay}",
  "accServer": "{accS}",
  "Order_id": [],
  "createdAt": {
    "$date": {
      "$numberLong": "1662779317443"
    }
  },
  "updatedAt": {
    "$date": {
      "$numberLong": "1662779317443"
    }
  },
  "__v": 0
},{
  "_id": {
    "$oid": "631ddf35f844dc885a1f4006"
  },
  "server": "NamPham",
  "total": "1",
  "accKhoitao": "100017.89",
  "accBalance": "100015.47",
  "accEquity": "100015.47",
  "accNumber": "113052825",
  "donbay": "200",
  "accServer": "Exness-MT5Trial6",
  "Order_id": [
    {
      "$oid": "631ddf3cf844dc885a1f400f"
    },
    {
      "$oid": "631ddf5bf844dc885a1f4033"
    },
    {
      "$oid": "631ddfdcf844dc885a1f40d2"
    },
    {
      "$oid": "631de50d16bd0fad656dd038"
    },
    {
      "$oid": "631de7291e7795aecb1f6e28"
    },
    {
      "$oid": "631de8281e7795aecb1f7176"
    },
    {
      "$oid": "631de8b91e7795aecb1f7403"
    },
    {
      "$oid": "631de9001e7795aecb1f7520"
    },
    {
      "$oid": "631de9cc1e7795aecb1f77d6"
    },
    {
      "$oid": "631dec1637ae8b97159fa68a"
    },
    {
      "$oid": "631dec9d37ae8b97159faa4b"
    },
    {
      "$oid": "631ded1837ae8b97159fad67"
    },
    {
      "$oid": "631dee8537ae8b97159fb53c"
    },
    {
      "$oid": "631def2837ae8b97159fb84c"
    },
    {
      "$oid": "631deff537ae8b97159fbc27"
    },
    {
      "$oid": "631df05337ae8b97159fbdf3"
    }
  ],
  "createdAt": {
    "$date": {
      "$numberLong": "1662902069476"
    }
  },
  "updatedAt": {
    "$date": {
      "$numberLong": "1662906746072"
    }
  },
  "__v": 0
},{
  "_id": {
    "$oid": "632070877cd1dd9d7eca964c"
  },
  "server": "NamPham",
  "total": "4",
  "accKhoitao": "151.04",
  "accBalance": "0.6",
  "accEquity": "0.6",
  "accNumber": "61020840",
  "donbay": "2000000000",
  "accServer": "Exness-MT5Real7",
  "Order_id": [
    {
      "$oid": "6320737b7cd1dd9d7eca9ea1"
    },
    {
      "$oid": "632078e37cd1dd9d7ecaac98"
    },
    {
      "$oid": "632078e87cd1dd9d7ecaaca8"
    },
    {
      "$oid": "63207a807cd1dd9d7ecaaf5c"
    }
  ],
  "createdAt": {
    "$date": {
      "$numberLong": "1663070343913"
    }
  },
  "updatedAt": {
    "$date": {
      "$numberLong": "1663224959266"
    }
  },
  "__v": 0
}]