[{
  "_id": {
    "$oid": "630e1fbd4d578b76668a59b2"
  },
  "ticket": "469055139",
  "pair": "EURUSD",
  "direction": "BUY_STOP",
  "lot": "0.01",
  "price": "1.00305",
  "sl": "0.9993",
  "tp": "1.0053",
  "opentime": "1661868545",
  "comment": "",
  "orderProfit": "0",
  "status": false,
  "createdAt": {
    "$date": {
      "$numberLong": "1661870013024"
    }
  },
  "updatedAt": {
    "$date": {
      "$numberLong": "1661870013024"
    }
  },
  "__v": 0
},{
  "_id": {
    "$oid": "630e22ce4d578b76668a8894"
  },
  "ticket": "469071294",
  "pair": "EURUSD",
  "direction": "BUY_LIMIT",
  "lot": "0.01",
  "price": "0.9963",
  "sl": "0.99405",
  "tp": "1",
  "opentime": "1661870795",
  "comment": "",
  "orderProfit": "0",
  "status": false,
  "createdAt": {
    "$date": {
      "$numberLong": "1661870798754"
    }
  },
  "updatedAt": {
    "$date": {
      "$numberLong": "1661870798754"
    }
  },
  "__v": 0
},{
  "_id": {
    "$oid": "630e2cfe0910f146e3251603"
  },
  "ticket": "469086517",
  "pair": "EURUSD",
  "direction": "BUY_LIMIT",
  "lot": "0.01",
  "price": "0.9936",
  "sl": "0.99",
  "tp": "1.003",
  "opentime": "1661873403",
  "comment": "",
  "orderProfit": "0",
  "status": false,
  "createdAt": {
    "$date": {
      "$numberLong": "1661873406138"
    }
  },
  "updatedAt": {
    "$date": {
      "$numberLong": "1661873406138"
    }
  },
  "__v": 0
},{
  "_id": {
    "$oid": "63107d95ab7ed6197c35e721"
  },
  "ticket": "469606342",
  "pair": "XAUUSD",
  "direction": "BUY_LIMIT",
  "lot": "0.01",
  "price": "1700",
  "sl": "1695",
  "tp": "1710",
  "opentime": "1662025109",
  "comment": "",
  "orderProfit": "0",
  "status": true,
  "createdAt": {
    "$date": {
      "$numberLong": "1662025109951"
    }
  },
  "updatedAt": {
    "$date": {
      "$numberLong": "1662090099114"
    }
  },
  "__v": 0
},{
  "_id": {
    "$oid": "63107dd2ab7ed6197c35eae0"
  },
  "ticket": "469606678",
  "pair": "XAUUSD",
  "direction": "SELL_LIMIT",
  "lot": "0.01",
  "price": "1710",
  "sl": "1717",
  "tp": "1700",
  "opentime": "1662025169",
  "comment": "",
  "orderProfit": "0",
  "status": true,
  "createdAt": {
    "$date": {
      "$numberLong": "1662025170549"
    }
  },
  "updatedAt": {
    "$date": {
      "$numberLong": "1662090099115"
    }
  },
  "__v": 0
},{
  "_id": {
    "$oid": "63107e22ab7ed6197c35f0f6"
  },
  "ticket": "469607153",
  "pair": "XAUUSD",
  "direction": "BUY_STOP",
  "lot": "0.01",
  "price": "1712",
  "sl": "1700",
  "tp": "1722",
  "opentime": "1662025249",
  "comment": "",
  "orderProfit": "0",
  "status": true,
  "createdAt": {
    "$date": {
      "$numberLong": "1662025250603"
    }
  },
  "updatedAt": {
    "$date": {
      "$numberLong": "1662090099115"
    }
  },
  "__v": 0
},{
  "_id": {
    "$oid": "6310893d77949b4c45f73915"
  },
  "ticket": "469618538",
  "pair": "XAUUSD",
  "direction": "BUY_LIMIT",
  "lot": "0.01",
  "price": "1695",
  "sl": "1690",
  "tp": "1715",
  "opentime": "1662028092",
  "comment": "",
  "orderProfit": "0",
  "status": false,
  "createdAt": {
    "$date": {
      "$numberLong": "1662028093645"
    }
  },
  "updatedAt": {
    "$date": {
      "$numberLong": "1662028093645"
    }
  },
  "__v": 0
},{
  "_id": {
    "$oid": "6310970f02b52106b2cbdb89"
  },
  "ticket": "469634117",
  "pair": "GBPUSD",
  "direction": "BUY_LIMIT",
  "lot": "0.01",
  "price": "1.14965",
  "sl": "1.1481",
  "tp": "1.15875",
  "opentime": "1662031630",
  "comment": "",
  "orderProfit": "0",
  "status": true,
  "createdAt": {
    "$date": {
      "$numberLong": "1662031632011"
    }
  },
  "updatedAt": {
    "$date": {
      "$numberLong": "1662090290478"
    }
  },
  "__v": 0
},{
  "_id": {
    "$oid": "631097ebd399e5436c192298"
  },
  "ticket": "469634928",
  "pair": "GBPUSD",
  "direction": "BUY_STOP",
  "lot": "0.01",
  "price": "1.16715",
  "sl": "1.15425",
  "tp": "1.1708",
  "opentime": "1662031850",
  "comment": "",
  "orderProfit": "0",
  "status": true,
  "createdAt": {
    "$date": {
      "$numberLong": "1662031851952"
    }
  },
  "updatedAt": {
    "$date": {
      "$numberLong": "1662090265378"
    }
  },
  "__v": 0
},{
  "_id": {
    "$oid": "63117dd8dcbdab4a0e5e8b48"
  },
  "ticket": "469822387",
  "pair": "EURUSD",
  "direction": "BUY_LIMIT",
  "lot": "0.01",
  "price": "0.9919",
  "sl": "0.9907",
  "tp": "1.0015",
  "opentime": "1662090620",
  "comment": "",
  "orderProfit": "0",
  "status": true,
  "createdAt": {
    "$date": {
      "$numberLong": "1662090712078"
    }
  },
  "updatedAt": {
    "$date": {
      "$numberLong": "1662093357583"
    }
  },
  "__v": 0
},{
  "_id": {
    "$oid": "631196f95b3c16b4f6bb0896"
  },
  "ticket": "469834873",
  "pair": "XAUUSD",
  "direction": "BUY_LIMIT",
  "lot": "0.01",
  "price": "1687",
  "sl": "1542.089",
  "tp": "1725",
  "opentime": "1662097143",
  "comment": "",
  "orderProfit": "0",
  "status": true,
  "createdAt": {
    "$date": {
      "$numberLong": "1662097145317"
    }
  },
  "updatedAt": {
    "$date": {
      "$numberLong": "1662101362200"
    }
  },
  "__v": 0
},{
  "_id": {
    "$oid": "6311aab1da7ca9c50036d55d"
  },
  "ticket": "469850588",
  "pair": "EURUSD",
  "direction": "BUY_LIMIT",
  "lot": "0.01",
  "price": "0.9944",
  "sl": "0.98982",
  "tp": "1.00004",
  "opentime": "1662102192",
  "comment": "",
  "orderProfit": "0",
  "status": true,
  "createdAt": {
    "$date": {
      "$numberLong": "1662102193430"
    }
  },
  "updatedAt": {
    "$date": {
      "$numberLong": "1662102308907"
    }
  },
  "__v": 0
},{
  "_id": {
    "$oid": "6311cc88da7ca9c5003735c3"
  },
  "ticket": "469878767",
  "pair": "XAUUSD",
  "direction": "BUY_LIMIT",
  "lot": "0.01",
  "price": "1702",
  "sl": "1695.473",
  "tp": "1709.429",
  "opentime": "1662110854",
  "comment": "",
  "orderProfit": "0",
  "status": true,
  "createdAt": {
    "$date": {
      "$numberLong": "1662110856838"
    }
  },
  "updatedAt": {
    "$date": {
      "$numberLong": "1662131433430"
    }
  },
  "__v": 0
},{
  "_id": {
    "$oid": "6311cd01da7ca9c500373b28"
  },
  "ticket": "469879065",
  "pair": "XAUUSD",
  "direction": "SELL_LIMIT",
  "lot": "0.01",
  "price": "1710",
  "sl": "1714",
  "tp": "1701",
  "opentime": "1662110975",
  "comment": "",
  "orderProfit": "0",
  "status": true,
  "createdAt": {
    "$date": {
      "$numberLong": "1662110977752"
    }
  },
  "updatedAt": {
    "$date": {
      "$numberLong": "1662111257304"
    }
  },
  "__v": 0
},{
  "_id": {
    "$oid": "6311e521c5fa95173fb7ae77"
  },
  "ticket": "129371619",
  "pair": "XAUUSDm",
  "direction": "BUY_LIMIT",
  "lot": "0.01",
  "price": "1702",
  "sl": "1700",
  "tp": "1705",
  "opentime": "1662117147",
  "comment": "",
  "orderProfit": "0",
  "status": true,
  "createdAt": {
    "$date": {
      "$numberLong": "1662117153446"
    }
  },
  "updatedAt": {
    "$date": {
      "$numberLong": "1662125633991"
    }
  },
  "__v": 0
},{
  "_id": {
    "$oid": "6311e52ec5fa95173fb7af7c"
  },
  "ticket": "129371667",
  "pair": "XAUUSDm",
  "direction": "SELL_LIMIT",
  "lot": "0.01",
  "price": "1705",
  "sl": "1707",
  "tp": "1704",
  "opentime": "1662117162",
  "comment": "",
  "orderProfit": "0",
  "status": false,
  "createdAt": {
    "$date": {
      "$numberLong": "1662117166573"
    }
  },
  "updatedAt": {
    "$date": {
      "$numberLong": "1662117166573"
    }
  },
  "__v": 0
},{
  "_id": {
    "$oid": "6311e549c5fa95173fb7b180"
  },
  "ticket": "129372001",
  "pair": "XAUUSDm",
  "direction": "BUY_STOP",
  "lot": "0.01",
  "price": "1705",
  "sl": "1702",
  "tp": "1706",
  "opentime": "1662117192",
  "comment": "",
  "orderProfit": "0",
  "status": false,
  "createdAt": {
    "$date": {
      "$numberLong": "1662117193330"
    }
  },
  "updatedAt": {
    "$date": {
      "$numberLong": "1662117193330"
    }
  },
  "__v": 0
},{
  "_id": {
    "$oid": "6311e55dc5fa95173fb7b311"
  },
  "ticket": "129372086",
  "pair": "XAUUSDm",
  "direction": "SELL_STOP",
  "lot": "0.01",
  "price": "1704",
  "sl": "1707",
  "tp": "1702",
  "opentime": "1662117210",
  "comment": "",
  "orderProfit": "0",
  "status": true,
  "createdAt": {
    "$date": {
      "$numberLong": "1662117213531"
    }
  },
  "updatedAt": {
    "$date": {
      "$numberLong": "1662125633992"
    }
  },
  "__v": 0
},{
  "_id": {
    "$oid": "6312068fd75819e035ddcdbb"
  },
  "ticket": "129544078",
  "pair": "XAUUSDm",
  "direction": "BUY_LIMIT",
  "lot": "0.01",
  "price": "1691.63",
  "sl": "1673",
  "tp": "1781",
  "opentime": "1662125708",
  "comment": "",
  "orderProfit": "0",
  "status": false,
  "createdAt": {
    "$date": {
      "$numberLong": "1662125711273"
    }
  },
  "updatedAt": {
    "$date": {
      "$numberLong": "1662125711273"
    }
  },
  "__v": 0
},{
  "_id": {
    "$oid": "63130926c663c00ddf76fdf3"
  },
  "ticket": "470064527",
  "pair": "BTCUSD",
  "direction": "BUY_LIMIT",
  "lot": "0.01",
  "price": "19600",
  "sl": "19500",
  "tp": "20000",
  "opentime": "1662191904",
  "comment": "",
  "orderProfit": "0",
  "status": false,
  "createdAt": {
    "$date": {
      "$numberLong": "1662191910587"
    }
  },
  "updatedAt": {
    "$date": {
      "$numberLong": "1662191910587"
    }
  },
  "__v": 0
},{
  "_id": {
    "$oid": "6313097ec663c00ddf76ffe7"
  },
  "ticket": "470064576",
  "pair": "BTCUSD",
  "direction": "SELL_LIMIT",
  "lot": "0.01",
  "price": "19900",
  "sl": "19900",
  "tp": "19600",
  "opentime": "1662191994",
  "comment": "",
  "orderProfit": "0",
  "status": true,
  "createdAt": {
    "$date": {
      "$numberLong": "1662191998753"
    }
  },
  "updatedAt": {
    "$date": {
      "$numberLong": "1662212787532"
    }
  },
  "__v": 0
},{
  "_id": {
    "$oid": "63130a7fc663c00ddf7707b7"
  },
  "ticket": "470064737",
  "pair": "BTCUSD",
  "direction": "BUY_STOP",
  "lot": "0.01",
  "price": "20000",
  "sl": "19600",
  "tp": "22000",
  "opentime": "1662192251",
  "comment": "",
  "orderProfit": "0",
  "status": false,
  "createdAt": {
    "$date": {
      "$numberLong": "1662192255976"
    }
  },
  "updatedAt": {
    "$date": {
      "$numberLong": "1662192255976"
    }
  },
  "__v": 0
},{
  "_id": {
    "$oid": "63130d13c663c00ddf7723f7"
  },
  "ticket": "470065018",
  "pair": "BTCUSD",
  "direction": "BUY_LIMIT",
  "lot": "0.02",
  "price": "19712",
  "sl": "19612",
  "tp": "19812",
  "opentime": "1662192909",
  "comment": "",
  "orderProfit": "0",
  "status": true,
  "createdAt": {
    "$date": {
      "$numberLong": "1662192915636"
    }
  },
  "updatedAt": {
    "$date": {
      "$numberLong": "1662232224276"
    }
  },
  "__v": 0
},{
  "_id": {
    "$oid": "63130d2fc663c00ddf77256c"
  },
  "ticket": "470065027",
  "pair": "BTCUSD",
  "direction": "SELL_LIMIT",
  "lot": "0.02",
  "price": "19844",
  "sl": "19999",
  "tp": "19744",
  "opentime": "1662192939",
  "comment": "",
  "orderProfit": "0",
  "status": false,
  "createdAt": {
    "$date": {
      "$numberLong": "1662192943715"
    }
  },
  "updatedAt": {
    "$date": {
      "$numberLong": "1662192943715"
    }
  },
  "__v": 0
},{
  "_id": {
    "$oid": "63131d1cf705f9fc8e5566cd"
  },
  "ticket": "470066715",
  "pair": "BTCUSD",
  "direction": "SELL_LIMIT",
  "lot": "0.03",
  "price": "19810",
  "sl": "19850",
  "tp": "19700",
  "opentime": "1662197018",
  "comment": "",
  "orderProfit": "0",
  "status": false,
  "createdAt": {
    "$date": {
      "$numberLong": "1662197020554"
    }
  },
  "updatedAt": {
    "$date": {
      "$numberLong": "1662197020554"
    }
  },
  "__v": 0
},{
  "_id": {
    "$oid": "63131d5ef705f9fc8e55706c"
  },
  "ticket": "470066731",
  "pair": "BTCUSD",
  "direction": "BUY_LIMIT",
  "lot": "0.03",
  "price": "19771",
  "sl": "19700",
  "tp": "19800",
  "opentime": "1662197084",
  "comment": "",
  "orderProfit": "0",
  "status": false,
  "createdAt": {
    "$date": {
      "$numberLong": "1662197087122"
    }
  },
  "updatedAt": {
    "$date": {
      "$numberLong": "1662197087122"
    }
  },
  "__v": 0
},{
  "_id": {
    "$oid": "63157d8f001978eec6b70501"
  },
  "ticket": "470249028",
  "pair": "BTCUSD",
  "direction": "BUY_LIMIT",
  "lot": "0.01",
  "price": "19683.38",
  "sl": "19575.24",
  "tp": "19883.38",
  "opentime": "1662352756",
  "comment": "",
  "orderProfit": "0",
  "status": true,
  "createdAt": {
    "$date": {
      "$numberLong": "1662352784121"
    }
  },
  "updatedAt": {
    "$date": {
      "$numberLong": "1662360799028"
    }
  },
  "__v": 0
},{
  "_id": {
    "$oid": "63157ddb001978eec6b7068c"
  },
  "ticket": "470249289",
  "pair": "USOIL",
  "direction": "BUY_LIMIT",
  "lot": "0.01",
  "price": "88.224",
  "sl": "87.224",
  "tp": "89.224",
  "opentime": "1662352835",
  "comment": "",
  "orderProfit": "0",
  "status": true,
  "createdAt": {
    "$date": {
      "$numberLong": "1662352859388"
    }
  },
  "updatedAt": {
    "$date": {
      "$numberLong": "1662355834643"
    }
  },
  "__v": 0
},{
  "_id": {
    "$oid": "63157dff001978eec6b70793"
  },
  "ticket": "470249425",
  "pair": "US30",
  "direction": "SELL_LIMIT",
  "lot": "0.01",
  "price": "31745.6",
  "sl": "32045.6",
  "tp": "31445.6",
  "opentime": "1662352871",
  "comment": "",
  "orderProfit": "0",
  "status": true,
  "createdAt": {
    "$date": {
      "$numberLong": "1662352895873"
    }
  },
  "updatedAt": {
    "$date": {
      "$numberLong": "1662360801777"
    }
  },
  "__v": 0
},{
  "_id": {
    "$oid": "63157e52001978eec6b70ad6"
  },
  "ticket": "470249656",
  "pair": "XAUUSD",
  "direction": "BUY_LIMIT",
  "lot": "0.01",
  "price": "1712.827",
  "sl": "1710",
  "tp": "1718",
  "opentime": "1662352956",
  "comment": "",
  "orderProfit": "0",
  "status": true,
  "createdAt": {
    "$date": {
      "$numberLong": "1662352978785"
    }
  },
  "updatedAt": {
    "$date": {
      "$numberLong": "1662354021256"
    }
  },
  "__v": 0
},{
  "_id": {
    "$oid": "63157e68001978eec6b70beb"
  },
  "ticket": "470249758",
  "pair": "XAUUSD",
  "direction": "SELL_LIMIT",
  "lot": "0.01",
  "price": "1714.708",
  "sl": "1716",
  "tp": "1710",
  "opentime": "1662352986",
  "comment": "",
  "orderProfit": "0",
  "status": true,
  "createdAt": {
    "$date": {
      "$numberLong": "1662353000743"
    }
  },
  "updatedAt": {
    "$date": {
      "$numberLong": "1662360801777"
    }
  },
  "__v": 0
},{
  "_id": {
    "$oid": "63159e11001978eec6b882fa"
  },
  "ticket": "470293557",
  "pair": "XAUUSD",
  "direction": "BUY_LIMIT",
  "lot": "0.01",
  "price": "1710.432",
  "sl": "1707.659",
  "tp": "1717.659",
  "opentime": "1662361087",
  "comment": "",
  "orderProfit": "0",
  "status": true,
  "createdAt": {
    "$date": {
      "$numberLong": "1662361105404"
    }
  },
  "updatedAt": {
    "$date": {
      "$numberLong": "1662361249844"
    }
  },
  "__v": 0
},{
  "_id": {
    "$oid": "63159e4d001978eec6b883e3"
  },
  "ticket": "470293766",
  "pair": "XAUUSD",
  "direction": "SELL_LIMIT",
  "lot": "0.01",
  "price": "1712.509",
  "sl": "1714",
  "tp": "1711",
  "opentime": "1662361146",
  "comment": "",
  "orderProfit": "0",
  "status": true,
  "createdAt": {
    "$date": {
      "$numberLong": "1662361165350"
    }
  },
  "updatedAt": {
    "$date": {
      "$numberLong": "1662361327808"
    }
  },
  "__v": 0
},{
  "_id": {
    "$oid": "63159ea7001978eec6b885f5"
  },
  "ticket": "470294879",
  "pair": "XAUUSD",
  "direction": "SELL_STOP",
  "lot": "0.01",
  "price": "1710.542",
  "sl": "1715",
  "tp": "1702",
  "opentime": "1662361232",
  "comment": "",
  "orderProfit": "0",
  "status": true,
  "createdAt": {
    "$date": {
      "$numberLong": "1662361256090"
    }
  },
  "updatedAt": {
    "$date": {
      "$numberLong": "1662361327808"
    }
  },
  "__v": 0
},{
  "_id": {
    "$oid": "6315b151001978eec6b8a2c6"
  },
  "ticket": "470330547",
  "pair": "XAUUSD",
  "direction": "SELL_LIMIT",
  "lot": "0.01",
  "price": "1714.002",
  "sl": "1715",
  "tp": "1710",
  "opentime": "1662366016",
  "comment": "",
  "orderProfit": "0",
  "status": true,
  "createdAt": {
    "$date": {
      "$numberLong": "1662366033973"
    }
  },
  "updatedAt": {
    "$date": {
      "$numberLong": "1662366987888"
    }
  },
  "__v": 0
},{
  "_id": {
    "$oid": "63161c9d70b0b1de0593f017"
  },
  "ticket": "37641026",
  "pair": "XAUUSDz",
  "direction": "BUY_LIMIT",
  "lot": "1",
  "price": "1700",
  "sl": "1694",
  "tp": "17034",
  "opentime": "1662393467",
  "comment": "",
  "orderProfit": "0",
  "status": false,
  "createdAt": {
    "$date": {
      "$numberLong": "1662393501559"
    }
  },
  "updatedAt": {
    "$date": {
      "$numberLong": "1662393501559"
    }
  },
  "__v": 0
},{
  "_id": {
    "$oid": "63161e0170b0b1de0593fd28"
  },
  "ticket": "37641796",
  "pair": "XAUUSDz",
  "direction": "BUY_LIMIT",
  "lot": "1",
  "price": "1699.634",
  "sl": "1694",
  "tp": "1710",
  "opentime": "1662393841",
  "comment": "",
  "orderProfit": "0",
  "status": true,
  "createdAt": {
    "$date": {
      "$numberLong": "1662393858006"
    }
  },
  "updatedAt": {
    "$date": {
      "$numberLong": "1662394255747"
    }
  },
  "__v": 0
},{
  "_id": {
    "$oid": "63161fc970b0b1de05940ed1"
  },
  "ticket": "37642423",
  "pair": "XAUUSDz",
  "direction": "SELL_LIMIT",
  "lot": "1",
  "price": "1712.634",
  "sl": "1714",
  "tp": "1710",
  "opentime": "1662394299",
  "comment": "",
  "orderProfit": "0",
  "status": true,
  "createdAt": {
    "$date": {
      "$numberLong": "1662394313801"
    }
  },
  "updatedAt": {
    "$date": {
      "$numberLong": "1662394621910"
    }
  },
  "__v": 0
},{
  "_id": {
    "$oid": "6316c55ff79410dde2c0f19c"
  },
  "ticket": "37699331",
  "pair": "XAUUSDz",
  "direction": "BUY_LIMIT",
  "lot": "1",
  "price": "1713",
  "sl": "1708",
  "tp": "1730",
  "opentime": "1662436698",
  "comment": "",
  "orderProfit": "0",
  "status": true,
  "createdAt": {
    "$date": {
      "$numberLong": "1662436704283"
    }
  },
  "updatedAt": {
    "$date": {
      "$numberLong": "1662453805946"
    }
  },
  "__v": 0
},{
  "_id": {
    "$oid": "6316c579f79410dde2c0f2b1"
  },
  "ticket": "37699355",
  "pair": "XAUUSDz",
  "direction": "BUY_LIMIT",
  "lot": "1",
  "price": "1713",
  "sl": "1708",
  "tp": "1730",
  "opentime": "1662436723",
  "comment": "",
  "orderProfit": "0",
  "status": true,
  "createdAt": {
    "$date": {
      "$numberLong": "1662436729655"
    }
  },
  "updatedAt": {
    "$date": {
      "$numberLong": "1662453807731"
    }
  },
  "__v": 0
},{
  "_id": {
    "$oid": "6316c58ef79410dde2c0f375"
  },
  "ticket": "37699389",
  "pair": "XAUUSDz",
  "direction": "BUY_LIMIT",
  "lot": "1",
  "price": "1713",
  "sl": "1708",
  "tp": "1730",
  "opentime": "1662436744",
  "comment": "",
  "orderProfit": "0",
  "status": true,
  "createdAt": {
    "$date": {
      "$numberLong": "1662436751092"
    }
  },
  "updatedAt": {
    "$date": {
      "$numberLong": "1662453808023"
    }
  },
  "__v": 0
},{
  "_id": {
    "$oid": "6316e7e6f79410dde2c2ae1c"
  },
  "ticket": "37719758",
  "pair": "AUDJPYz",
  "direction": "BUY_LIMIT",
  "lot": "1",
  "price": "95.69199999999999",
  "sl": "95.583",
  "tp": "95.97",
  "opentime": "1662445502",
  "comment": "",
  "orderProfit": "0",
  "status": false,
  "createdAt": {
    "$date": {
      "$numberLong": "1662445543028"
    }
  },
  "updatedAt": {
    "$date": {
      "$numberLong": "1662445543028"
    }
  },
  "__v": 0
},{
  "_id": {
    "$oid": "6316e825f79410dde2c2b1d8"
  },
  "ticket": "37719894",
  "pair": "USOILz",
  "direction": "SELL_LIMIT",
  "lot": "1",
  "price": "88.889",
  "sl": "89.211",
  "tp": "87.81399999999999",
  "opentime": "1662445574",
  "comment": "",
  "orderProfit": "0",
  "status": true,
  "createdAt": {
    "$date": {
      "$numberLong": "1662445605397"
    }
  },
  "updatedAt": {
    "$date": {
      "$numberLong": "1662446917883"
    }
  },
  "__v": 0
},{
  "_id": {
    "$oid": "6316e871f79410dde2c2b6ba"
  },
  "ticket": "37720054",
  "pair": "AUDUSDz",
  "direction": "BUY_LIMIT",
  "lot": "1",
  "price": "0.67761",
  "sl": "0.6765",
  "tp": "0.681",
  "opentime": "1662445648",
  "comment": "",
  "orderProfit": "0",
  "status": true,
  "createdAt": {
    "$date": {
      "$numberLong": "1662445682227"
    }
  },
  "updatedAt": {
    "$date": {
      "$numberLong": "1662452447225"
    }
  },
  "__v": 0
},{
  "_id": {
    "$oid": "6317fc6e7e68ea628311d999"
  },
  "ticket": "37911910",
  "pair": "XAUUSDz",
  "direction": "BUY_LIMIT",
  "lot": "0.5",
  "price": "1690",
  "sl": "1670",
  "tp": "1710",
  "opentime": "1662516331",
  "comment": "nam",
  "orderProfit": "0",
  "status": true,
  "createdAt": {
    "$date": {
      "$numberLong": "1662516334930"
    }
  },
  "updatedAt": {
    "$date": {
      "$numberLong": "1662528113454"
    }
  },
  "__v": 0
},{
  "_id": {
    "$oid": "6317fcbb7e68ea628311ddc6"
  },
  "ticket": "37912106",
  "pair": "XAUUSDz",
  "direction": "BUY_LIMIT",
  "lot": "1",
  "price": "1685",
  "sl": "1670",
  "tp": "1710",
  "opentime": "1662516408",
  "comment": "nam",
  "orderProfit": "0",
  "status": true,
  "createdAt": {
    "$date": {
      "$numberLong": "1662516411642"
    }
  },
  "updatedAt": {
    "$date": {
      "$numberLong": "1662558766611"
    }
  },
  "__v": 0
},{
  "_id": {
    "$oid": "6317fce07e68ea628311dfe2"
  },
  "ticket": "37912206",
  "pair": "XAUUSDz",
  "direction": "BUY_LIMIT",
  "lot": "1.7",
  "price": "1676",
  "sl": "1670",
  "tp": "1710",
  "opentime": "1662516446",
  "comment": "nam",
  "orderProfit": "0",
  "status": true,
  "createdAt": {
    "$date": {
      "$numberLong": "1662516448873"
    }
  },
  "updatedAt": {
    "$date": {
      "$numberLong": "1662558768170"
    }
  },
  "__v": 0
},{
  "_id": {
    "$oid": "63182ac27e68ea628314f04a"
  },
  "ticket": "37942328",
  "pair": "XAUUSDz",
  "direction": "SELL_LIMIT",
  "lot": "1",
  "price": "1698",
  "sl": "1705",
  "tp": "1686",
  "opentime": "1662528191",
  "comment": "",
  "orderProfit": "0",
  "status": true,
  "createdAt": {
    "$date": {
      "$numberLong": "1662528194965"
    }
  },
  "updatedAt": {
    "$date": {
      "$numberLong": "1662531320099"
    }
  },
  "__v": 0
},{
  "_id": {
    "$oid": "6318473c7e68ea628317479f"
  },
  "ticket": "37959529",
  "pair": "XAUUSDz",
  "direction": "SELL_LIMIT",
  "lot": "1",
  "price": "1703",
  "sl": "1713",
  "tp": "1686",
  "opentime": "1662535480",
  "comment": "",
  "orderProfit": "0",
  "status": true,
  "createdAt": {
    "$date": {
      "$numberLong": "1662535484474"
    }
  },
  "updatedAt": {
    "$date": {
      "$numberLong": "1662537426054"
    }
  },
  "__v": 0
},{
  "_id": {
    "$oid": "6318476d7e68ea6283174cf4"
  },
  "ticket": "37959724",
  "pair": "XAUUSDz",
  "direction": "SELL_LIMIT",
  "lot": "1",
  "price": "1703",
  "sl": "1713",
  "tp": "1688",
  "opentime": "1662535530",
  "comment": "",
  "orderProfit": "0",
  "status": true,
  "createdAt": {
    "$date": {
      "$numberLong": "1662535533976"
    }
  },
  "updatedAt": {
    "$date": {
      "$numberLong": "1662537425953"
    }
  },
  "__v": 0
},{
  "_id": {
    "$oid": "63184fce7e68ea6283183b63"
  },
  "ticket": "37967384",
  "pair": "XAUUSDz",
  "direction": "SELL_LIMIT",
  "lot": "1",
  "price": "1705",
  "sl": "1713",
  "tp": "1686",
  "opentime": "1662537676",
  "comment": "",
  "orderProfit": "0",
  "status": true,
  "createdAt": {
    "$date": {
      "$numberLong": "1662537678987"
    }
  },
  "updatedAt": {
    "$date": {
      "$numberLong": "1662537910922"
    }
  },
  "__v": 0
},{
  "_id": {
    "$oid": "6318b471cc3bc3133bcb32fa"
  },
  "ticket": "471112999",
  "pair": "USDCHF",
  "direction": "SELL",
  "lot": "0.01",
  "price": "0.9817900000000001",
  "sl": "0.98584",
  "tp": "0.97703",
  "opentime": "1662562562",
  "comment": "from #471112724",
  "orderProfit": "-0.08",
  "status": true,
  "createdAt": {
    "$date": {
      "$numberLong": "1662563441960"
    }
  },
  "updatedAt": {
    "$date": {
      "$numberLong": "1662563442799"
    }
  },
  "__v": 0
},{
  "_id": {
    "$oid": "6319448b45c04cbc1235b51b"
  },
  "ticket": "38119273",
  "pair": "XAUUSDz",
  "direction": "BUY_STOP",
  "lot": "0.22",
  "price": "1720",
  "sl": "1717",
  "tp": "1730",
  "opentime": "1662600326",
  "comment": "",
  "orderProfit": "0",
  "status": true,
  "createdAt": {
    "$date": {
      "$numberLong": "1662600332075"
    }
  },
  "updatedAt": {
    "$date": {
      "$numberLong": "1662619734538"
    }
  },
  "__v": 0
},{
  "_id": {
    "$oid": "631944fd45c04cbc1235b704"
  },
  "ticket": "38119359",
  "pair": "XAUUSDz",
  "direction": "BUY_STOP",
  "lot": "0.36",
  "price": "1720",
  "sl": "1715",
  "tp": "1730",
  "opentime": "1662600433",
  "comment": "",
  "orderProfit": "0",
  "status": true,
  "createdAt": {
    "$date": {
      "$numberLong": "1662600446225"
    }
  },
  "updatedAt": {
    "$date": {
      "$numberLong": "1662619652633"
    }
  },
  "__v": 0
},{
  "_id": {
    "$oid": "6319451145c04cbc1235b786"
  },
  "ticket": "38119413",
  "pair": "XAUUSDz",
  "direction": "BUY_STOP",
  "lot": "0.63",
  "price": "1720",
  "sl": "1716",
  "tp": "1730",
  "opentime": "1662600459",
  "comment": "",
  "orderProfit": "0",
  "status": true,
  "createdAt": {
    "$date": {
      "$numberLong": "1662600466038"
    }
  },
  "updatedAt": {
    "$date": {
      "$numberLong": "1662619774581"
    }
  },
  "__v": 0
},{
  "_id": {
    "$oid": "6319495a45c04cbc1235dd2b"
  },
  "ticket": "38121675",
  "pair": "XAUUSDz",
  "direction": "BUY_LIMIT",
  "lot": "3",
  "price": "1710",
  "sl": "1706",
  "tp": "1734",
  "opentime": "1662601558",
  "comment": "",
  "orderProfit": "0",
  "status": true,
  "createdAt": {
    "$date": {
      "$numberLong": "1662601563525"
    }
  },
  "updatedAt": {
    "$date": {
      "$numberLong": "1662627799262"
    }
  },
  "__v": 0
},{
  "_id": {
    "$oid": "63198d8c45c04cbc12392802"
  },
  "ticket": "38153352",
  "pair": "GBPJPYz",
  "direction": "SELL_STOP",
  "lot": "1",
  "price": "165.23",
  "sl": "165.5",
  "tp": "164.8",
  "opentime": "1662619012",
  "comment": "",
  "orderProfit": "0",
  "status": true,
  "createdAt": {
    "$date": {
      "$numberLong": "1662619020711"
    }
  },
  "updatedAt": {
    "$date": {
      "$numberLong": "1662622301674"
    }
  },
  "__v": 0
},{
  "_id": {
    "$oid": "63198daa45c04cbc123928b4"
  },
  "ticket": "38153404",
  "pair": "GBPJPYz",
  "direction": "SELL_STOP",
  "lot": "1",
  "price": "165.23",
  "sl": "165.5",
  "tp": "164.8",
  "opentime": "1662619039",
  "comment": "",
  "orderProfit": "0",
  "status": true,
  "createdAt": {
    "$date": {
      "$numberLong": "1662619050591"
    }
  },
  "updatedAt": {
    "$date": {
      "$numberLong": "1662622304566"
    }
  },
  "__v": 0
},{
  "_id": {
    "$oid": "63198e7d45c04cbc123939b8"
  },
  "ticket": "38153655",
  "pair": "USDJPYz",
  "direction": "SELL_LIMIT",
  "lot": "1",
  "price": "143.76",
  "sl": "144",
  "tp": "143.3",
  "opentime": "1662619255",
  "comment": "",
  "orderProfit": "0",
  "status": true,
  "createdAt": {
    "$date": {
      "$numberLong": "1662619261648"
    }
  },
  "updatedAt": {
    "$date": {
      "$numberLong": "1662619877478"
    }
  },
  "__v": 0
},{
  "_id": {
    "$oid": "63198ec045c04cbc12393f8a"
  },
  "ticket": "38153774",
  "pair": "USDJPYz",
  "direction": "SELL_LIMIT",
  "lot": "1",
  "price": "143.75",
  "sl": "144",
  "tp": "143.25",
  "opentime": "1662619321",
  "comment": "",
  "orderProfit": "0",
  "status": true,
  "createdAt": {
    "$date": {
      "$numberLong": "1662619328635"
    }
  },
  "updatedAt": {
    "$date": {
      "$numberLong": "1662619833780"
    }
  },
  "__v": 0
},{
  "_id": {
    "$oid": "63198ed545c04cbc12394191"
  },
  "ticket": "38153813",
  "pair": "USDJPYz",
  "direction": "SELL_LIMIT",
  "lot": "1",
  "price": "143.75",
  "sl": "144",
  "tp": "143.25",
  "opentime": "1662619344",
  "comment": "",
  "orderProfit": "0",
  "status": true,
  "createdAt": {
    "$date": {
      "$numberLong": "1662619350401"
    }
  },
  "updatedAt": {
    "$date": {
      "$numberLong": "1662619834580"
    }
  },
  "__v": 0
},{
  "_id": {
    "$oid": "63198fa745c04cbc123955f6"
  },
  "ticket": "38154146",
  "pair": "GBPJPYz",
  "direction": "SELL_STOP",
  "lot": "1",
  "price": "165.235",
  "sl": "165.555",
  "tp": "164.85",
  "opentime": "1662619551",
  "comment": "",
  "orderProfit": "0",
  "status": true,
  "createdAt": {
    "$date": {
      "$numberLong": "1662619560392"
    }
  },
  "updatedAt": {
    "$date": {
      "$numberLong": "1662622303176"
    }
  },
  "__v": 0
},{
  "_id": {
    "$oid": "6319906a45c04cbc123968f0"
  },
  "ticket": "38154457",
  "pair": "XAUUSDz",
  "direction": "SELL_LIMIT",
  "lot": "2",
  "price": "1718.75",
  "sl": "1722.75",
  "tp": "1714.75",
  "opentime": "1662619746",
  "comment": "",
  "orderProfit": "0",
  "status": true,
  "createdAt": {
    "$date": {
      "$numberLong": "1662619754974"
    }
  },
  "updatedAt": {
    "$date": {
      "$numberLong": "1662619790018"
    }
  },
  "__v": 0
},{
  "_id": {
    "$oid": "631990a545c04cbc12396ec9"
  },
  "ticket": "38154604",
  "pair": "XAUUSDz",
  "direction": "SELL_LIMIT",
  "lot": "2",
  "price": "1718.9",
  "sl": "1722.5",
  "tp": "1714.5",
  "opentime": "1662619806",
  "comment": "",
  "orderProfit": "0",
  "status": true,
  "createdAt": {
    "$date": {
      "$numberLong": "1662619814494"
    }
  },
  "updatedAt": {
    "$date": {
      "$numberLong": "1662619861813"
    }
  },
  "__v": 0
},{
  "_id": {
    "$oid": "6319f19cae1fa12ada065ad1"
  },
  "ticket": "164553226",
  "pair": "BTCUSDm",
  "direction": "BUY_LIMIT",
  "lot": "0.01",
  "price": "19000.0",
  "sl": "18000.0",
  "tp": "29000.0",
  "opentime": "2022.09.08 12:58:56",
  "comment": "",
  "orderProfit": "",
  "status": true,
  "createdAt": {
    "$date": {
      "$numberLong": "1662644637348"
    }
  },
  "updatedAt": {
    "$date": {
      "$numberLong": "1662645071863"
    }
  },
  "__v": 0
},{
  "_id": {
    "$oid": "6319f19cae1fa12ada065ace"
  },
  "ticket": "164482889",
  "pair": "XAUUSDm",
  "direction": "BUY_LIMIT",
  "lot": "0.01",
  "price": "1701.0",
  "sl": "1700.0",
  "tp": "1709.763",
  "opentime": "2022.09.08 11:43:47",
  "comment": "",
  "orderProfit": "",
  "status": true,
  "createdAt": {
    "$date": {
      "$numberLong": "1662644637338"
    }
  },
  "updatedAt": {
    "$date": {
      "$numberLong": "1662644742716"
    }
  },
  "__v": 0
},{
  "_id": {
    "$oid": "6319f8f2022f8a47611c201c"
  },
  "ticket": "164622926",
  "pair": "BTCUSDm",
  "direction": "BUY_LIMIT",
  "lot": "0.01",
  "price": "19000.0",
  "sl": "18000.0",
  "tp": "20000.0",
  "opentime": "2022.09.08 13:52:11",
  "comment": "",
  "orderProfit": "",
  "status": true,
  "createdAt": {
    "$date": {
      "$numberLong": "1662646515233"
    }
  },
  "updatedAt": {
    "$date": {
      "$numberLong": "1662646798529"
    }
  },
  "__v": 0
},{
  "_id": {
    "$oid": "6319f967022f8a47611c222f"
  },
  "ticket": "164658118",
  "pair": "XAUUSDm",
  "direction": "BUY_LIMIT",
  "lot": "0.01",
  "price": "1600.0",
  "sl": "1521.774",
  "tp": "1821.774",
  "opentime": "2022.09.08 14:17:05",
  "comment": "",
  "orderProfit": "",
  "status": true,
  "createdAt": {
    "$date": {
      "$numberLong": "1662646632490"
    }
  },
  "updatedAt": {
    "$date": {
      "$numberLong": "1662646739903"
    }
  },
  "__v": 0
},{
  "_id": {
    "$oid": "6319f98f022f8a47611c2322"
  },
  "ticket": "164659123",
  "pair": "XAUUSDm",
  "direction": "BUY_LIMIT",
  "lot": "0.01",
  "price": "1650.0",
  "sl": "1600.0",
  "tp": "1700.0",
  "opentime": "2022.09.08 14:17:46",
  "comment": "",
  "orderProfit": "",
  "status": true,
  "createdAt": {
    "$date": {
      "$numberLong": "1662646671621"
    }
  },
  "updatedAt": {
    "$date": {
      "$numberLong": "1662646772695"
    }
  },
  "__v": 0
},{
  "_id": {
    "$oid": "631ace3ac3bb86cb18a00edf"
  },
  "ticket": "165069038",
  "pair": "BTCUSDm",
  "direction": "BUY_LIMIT",
  "lot": "0.01",
  "price": "19000.0",
  "sl": "18000.0",
  "tp": "30000.0",
  "opentime": "2022.09.09 05:25:09",
  "comment": "",
  "orderProfit": "",
  "status": true,
  "createdAt": {
    "$date": {
      "$numberLong": "1662701114225"
    }
  },
  "updatedAt": {
    "$date": {
      "$numberLong": "1662732851027"
    }
  },
  "__v": 0
},{
  "_id": {
    "$oid": "631c1248c6b2cd4eaef41254"
  },
  "ticket": "165637346",
  "pair": "BTCUSDm",
  "direction": "BUY_LIMIT",
  "lot": "0.01",
  "price": "19000.0",
  "sl": "18000.0",
  "tp": "20000.0",
  "opentime": "2022.09.10 04:27:48",
  "comment": "",
  "orderProfit": "",
  "status": true,
  "createdAt": {
    "$date": {
      "$numberLong": "1662784073031"
    }
  },
  "updatedAt": {
    "$date": {
      "$numberLong": "1662784437359"
    }
  },
  "__v": 0
},{
  "_id": {
    "$oid": "631c147995d29b6963932c02"
  },
  "ticket": "471794055",
  "pair": "BTCUSD",
  "direction": "BUY_LIMIT",
  "lot": "0.01",
  "price": "19000",
  "sl": "18000",
  "tp": "20000",
  "opentime": "1662784630",
  "comment": "",
  "orderProfit": "0",
  "status": true,
  "createdAt": {
    "$date": {
      "$numberLong": "1662784634105"
    }
  },
  "updatedAt": {
    "$date": {
      "$numberLong": "1662784666786"
    }
  },
  "__v": 0
},{
  "_id": {
    "$oid": "631c171bc6b2cd4eaef41f0e"
  },
  "ticket": "165640246",
  "pair": "BTCUSDm",
  "direction": "BUY_LIMIT",
  "lot": "0.01",
  "price": "20000.0",
  "sl": "19000.0",
  "tp": "20000.0",
  "opentime": "2022.09.10 04:48:21",
  "comment": "",
  "orderProfit": "",
  "status": true,
  "createdAt": {
    "$date": {
      "$numberLong": "1662785308023"
    }
  },
  "updatedAt": {
    "$date": {
      "$numberLong": "1662785891170"
    }
  },
  "__v": 0
},{
  "_id": {
    "$oid": "631c5d5f6d6093f9d5936ddd"
  },
  "ticket": "14894871",
  "pair": "BTCUSD",
  "direction": "BUY_STOP",
  "lot": "1.0",
  "price": "21380.0",
  "sl": "21360.0",
  "tp": "25000.0",
  "opentime": "2022.09.10 09:48:05",
  "comment": "",
  "orderProfit": "",
  "status": true,
  "createdAt": {
    "$date": {
      "$numberLong": "1662803296264"
    }
  },
  "updatedAt": {
    "$date": {
      "$numberLong": "1662803517495"
    }
  },
  "__v": 0
},{
  "_id": {
    "$oid": "631d54a71e7795aecb1ee6bd"
  },
  "ticket": "165833566",
  "pair": "BTCUSDm",
  "direction": "BUY_LIMIT",
  "lot": "0.05",
  "price": "21525.9",
  "sl": "21509.3",
  "tp": "21567.4",
  "opentime": "2022.09.11 03:23:10",
  "comment": "",
  "orderProfit": "",
  "status": false,
  "createdAt": {
    "$date": {
      "$numberLong": "1662866599673"
    }
  },
  "updatedAt": {
    "$date": {
      "$numberLong": "1662866599673"
    }
  },
  "__v": 0
},{
  "_id": {
    "$oid": "631d57751e7795aecb1ee930"
  },
  "ticket": "165835307",
  "pair": "BTCUSDm",
  "direction": "BUY_LIMIT",
  "lot": "0.05",
  "price": "21525.9",
  "sl": "21509.3",
  "tp": "21567.4",
  "opentime": "2022.09.11 03:35:07",
  "comment": "",
  "orderProfit": "",
  "status": true,
  "createdAt": {
    "$date": {
      "$numberLong": "1662867317683"
    }
  },
  "updatedAt": {
    "$date": {
      "$numberLong": "1662868103056"
    }
  },
  "__v": 0
},{
  "_id": {
    "$oid": "631de7db1e7795aecb1f7047"
  },
  "ticket": "165930410",
  "pair": "BTCUSD",
  "direction": "SELL_LIMIT",
  "lot": "0.01",
  "price": "21561.88",
  "sl": "21979.4",
  "tp": "20979.4",
  "opentime": "2022.09.11 13:50:58",
  "comment": "",
  "orderProfit": "",
  "status": true,
  "createdAt": {
    "$date": {
      "$numberLong": "1662904284344"
    }
  },
  "updatedAt": {
    "$date": {
      "$numberLong": "1662904506729"
    }
  },
  "__v": 0
},{
  "_id": {
    "$oid": "631de8461e7795aecb1f71fa"
  },
  "ticket": "165930554",
  "pair": "BTCUSD",
  "direction": "BUY_LIMIT",
  "lot": "0.01",
  "price": "21523.86",
  "sl": "21003.19",
  "tp": "22003.19",
  "opentime": "2022.09.11 13:52:50",
  "comment": "",
  "orderProfit": "",
  "status": true,
  "createdAt": {
    "$date": {
      "$numberLong": "1662904390796"
    }
  },
  "updatedAt": {
    "$date": {
      "$numberLong": "1662904577141"
    }
  },
  "__v": 0
},{
  "_id": {
    "$oid": "631de9a91e7795aecb1f7741"
  },
  "ticket": "165931714",
  "pair": "BTCUSD",
  "direction": "SELL_LIMIT",
  "lot": "0.01",
  "price": "21573.17",
  "sl": "21969.87",
  "tp": "17969.87",
  "opentime": "2022.09.11 13:58:39",
  "comment": "",
  "orderProfit": "",
  "status": true,
  "createdAt": {
    "$date": {
      "$numberLong": "1662904746453"
    }
  },
  "updatedAt": {
    "$date": {
      "$numberLong": "1662905367141"
    }
  },
  "__v": 0
},{
  "_id": {
    "$oid": "631deb6e37ae8b97159fa2de"
  },
  "ticket": "165932559",
  "pair": "BTCUSD",
  "direction": "BUY_LIMIT",
  "lot": "0.01",
  "price": "21498.09",
  "sl": "21051.04",
  "tp": "22051.04",
  "opentime": "2022.09.11 14:06:14",
  "comment": "",
  "orderProfit": "",
  "status": true,
  "createdAt": {
    "$date": {
      "$numberLong": "1662905199588"
    }
  },
  "updatedAt": {
    "$date": {
      "$numberLong": "1662905625047"
    }
  },
  "__v": 0
},{
  "_id": {
    "$oid": "631deb9f37ae8b97159fa3dd"
  },
  "ticket": "165932595",
  "pair": "BTCUSD",
  "direction": "SELL_LIMIT",
  "lot": "0.01",
  "price": "21605.27",
  "sl": "21942.38",
  "tp": "17942.38",
  "opentime": "2022.09.11 14:06:50",
  "comment": "",
  "orderProfit": "",
  "status": true,
  "createdAt": {
    "$date": {
      "$numberLong": "1662905248618"
    }
  },
  "updatedAt": {
    "$date": {
      "$numberLong": "1662905502852"
    }
  },
  "__v": 0
},{
  "_id": {
    "$oid": "631dec0e37ae8b97159fa64d"
  },
  "ticket": "165932725",
  "pair": "BTCUSDm",
  "direction": "BUY_LIMIT",
  "lot": "0.05",
  "price": "21521.9",
  "sl": "21530.72",
  "tp": "21574.82",
  "opentime": "2022.09.11 14:09:09",
  "comment": "",
  "orderProfit": "",
  "status": true,
  "createdAt": {
    "$date": {
      "$numberLong": "1662905358767"
    }
  },
  "updatedAt": {
    "$date": {
      "$numberLong": "1662905813753"
    }
  },
  "__v": 0
},{
  "_id": {
    "$oid": "631dec1637ae8b97159fa690"
  },
  "ticket": "165932723",
  "pair": "BTCUSD",
  "direction": "BUY_LIMIT",
  "lot": "0.01",
  "price": "21487.71",
  "sl": "21000.0",
  "tp": "22000.0",
  "opentime": "2022.09.11 14:09:04",
  "comment": "",
  "orderProfit": "",
  "status": true,
  "createdAt": {
    "$date": {
      "$numberLong": "1662905367054"
    }
  },
  "updatedAt": {
    "$date": {
      "$numberLong": "1662905990512"
    }
  },
  "__v": 0
},{
  "_id": {
    "$oid": "631dec6037ae8b97159fa883"
  },
  "ticket": "165932788",
  "pair": "BTCUSD",
  "direction": "SELL_LIMIT",
  "lot": "0.01",
  "price": "21619.6",
  "sl": "21941.0",
  "tp": "17941.0",
  "opentime": "2022.09.11 14:10:17",
  "comment": "",
  "orderProfit": "",
  "status": true,
  "createdAt": {
    "$date": {
      "$numberLong": "1662905440865"
    }
  },
  "updatedAt": {
    "$date": {
      "$numberLong": "1662906452786"
    }
  },
  "__v": 0
},{
  "_id": {
    "$oid": "631dee9037ae8b97159fb572"
  },
  "ticket": "165934466",
  "pair": "BTCUSDm",
  "direction": "BUY_LIMIT",
  "lot": "0.05",
  "price": "21469.0",
  "sl": "21447.05",
  "tp": "21561.84",
  "opentime": "2022.09.11 14:19:52",
  "comment": "",
  "orderProfit": "",
  "status": true,
  "createdAt": {
    "$date": {
      "$numberLong": "1662906000937"
    }
  },
  "updatedAt": {
    "$date": {
      "$numberLong": "1662906294511"
    }
  },
  "__v": 0
},{
  "_id": {
    "$oid": "631df27e37ae8b97159fc4a2"
  },
  "ticket": "165937488",
  "pair": "BTCUSDm",
  "direction": "BUY_STOP",
  "lot": "0.05",
  "price": "21517.0",
  "sl": "21450.24",
  "tp": "21593.24",
  "opentime": "2022.09.11 14:36:35",
  "comment": "",
  "orderProfit": "",
  "status": true,
  "createdAt": {
    "$date": {
      "$numberLong": "1662907007110"
    }
  },
  "updatedAt": {
    "$date": {
      "$numberLong": "1662907050134"
    }
  },
  "__v": 0
},{
  "_id": {
    "$oid": "631df42c37ae8b97159fc810"
  },
  "ticket": "165938111",
  "pair": "BTCUSDm",
  "direction": "BUY_STOP",
  "lot": "0.05",
  "price": "21531.4",
  "sl": "21430.14",
  "tp": "21532.14",
  "opentime": "2022.09.11 14:43:48",
  "comment": "",
  "orderProfit": "",
  "status": true,
  "createdAt": {
    "$date": {
      "$numberLong": "1662907436682"
    }
  },
  "updatedAt": {
    "$date": {
      "$numberLong": "1662907660488"
    }
  },
  "__v": 0
},{
  "_id": {
    "$oid": "631e034465f60aacbfb4aa4d"
  },
  "ticket": "165952730",
  "pair": "BTCUSDm",
  "direction": "BUY_LIMIT",
  "lot": "0.05",
  "price": "21644.0",
  "sl": "21624.38",
  "tp": "21707.17",
  "opentime": "2022.09.11 15:48:13",
  "comment": "",
  "orderProfit": "",
  "status": true,
  "createdAt": {
    "$date": {
      "$numberLong": "1662911300859"
    }
  },
  "updatedAt": {
    "$date": {
      "$numberLong": "1662911463498"
    }
  },
  "__v": 0
},{
  "_id": {
    "$oid": "631f12185f8a84e985ffd043"
  },
  "ticket": "166381533",
  "pair": "BTCUSDm",
  "direction": "BUY_STOP",
  "lot": "0.05",
  "price": "22164.0",
  "sl": "22100.59",
  "tp": "22156.59",
  "opentime": "2022.09.12 11:03:44",
  "comment": "",
  "orderProfit": "",
  "status": true,
  "createdAt": {
    "$date": {
      "$numberLong": "1662980633034"
    }
  },
  "updatedAt": {
    "$date": {
      "$numberLong": "1662980736360"
    }
  },
  "__v": 0
},{
  "_id": {
    "$oid": "631f12f35f8a84e985ffd21d"
  },
  "ticket": "166383587",
  "pair": "BTCUSDm",
  "direction": "BUY_STOP",
  "lot": "0.05",
  "price": "22172.0",
  "sl": "22115.05",
  "tp": "22187.05",
  "opentime": "2022.09.12 11:07:24",
  "comment": "",
  "orderProfit": "",
  "status": true,
  "createdAt": {
    "$date": {
      "$numberLong": "1662980852307"
    }
  },
  "updatedAt": {
    "$date": {
      "$numberLong": "1662980881972"
    }
  },
  "__v": 0
},{
  "_id": {
    "$oid": "631f18da66ddda43d16b34f6"
  },
  "ticket": "166393897",
  "pair": "BTCUSDm",
  "direction": "BUY_STOP",
  "lot": "0.05",
  "price": "22272.16",
  "sl": "22197.16",
  "tp": "22328.16",
  "opentime": "2022.09.12 11:32:34",
  "comment": "",
  "orderProfit": "",
  "status": true,
  "createdAt": {
    "$date": {
      "$numberLong": "1662982363269"
    }
  },
  "updatedAt": {
    "$date": {
      "$numberLong": "1662982372300"
    }
  },
  "__v": 0
},{
  "_id": {
    "$oid": "631f24e3f6b97e4d4fb81dbf"
  },
  "ticket": "166442859",
  "pair": "BTCUSDm",
  "direction": "BUY_STOP",
  "lot": "0.05",
  "price": "22302.25",
  "sl": "22181.01",
  "tp": "22352.52",
  "opentime": "2022.09.12 12:23:57",
  "comment": "",
  "orderProfit": "",
  "status": true,
  "createdAt": {
    "$date": {
      "$numberLong": "1662985444099"
    }
  },
  "updatedAt": {
    "$date": {
      "$numberLong": "1662985505190"
    }
  },
  "__v": 0
},{
  "_id": {
    "$oid": "631f2e6db52f756ce9dd8969"
  },
  "ticket": "166473645",
  "pair": "XAUUSDm",
  "direction": "BUY_STOP",
  "lot": "0.05",
  "price": "1730.6",
  "sl": "1728.244",
  "tp": "1730.644",
  "opentime": "2022.09.12 13:04:40",
  "comment": "",
  "orderProfit": "",
  "status": true,
  "createdAt": {
    "$date": {
      "$numberLong": "1662987886169"
    }
  },
  "updatedAt": {
    "$date": {
      "$numberLong": "1662987982345"
    }
  },
  "__v": 0
},{
  "_id": {
    "$oid": "631f30f8b52f756ce9dd8f49"
  },
  "ticket": "166483468",
  "pair": "XAUUSDm",
  "direction": "BUY_LIMIT",
  "lot": "0.05",
  "price": "1730.315",
  "sl": "1730.201",
  "tp": "1733.013",
  "opentime": "2022.09.12 13:15:32",
  "comment": "",
  "orderProfit": "",
  "status": true,
  "createdAt": {
    "$date": {
      "$numberLong": "1662988537484"
    }
  },
  "updatedAt": {
    "$date": {
      "$numberLong": "1662988651903"
    }
  },
  "__v": 0
},{
  "_id": {
    "$oid": "631f489139a4a268046db234"
  },
  "ticket": "166564508",
  "pair": "XAUUSDm",
  "direction": "BUY_LIMIT",
  "lot": "0.05",
  "price": "1724.66",
  "sl": "1728.047",
  "tp": "1736.068",
  "opentime": "2022.09.12 14:56:11",
  "comment": "",
  "orderProfit": "",
  "status": true,
  "createdAt": {
    "$date": {
      "$numberLong": "1662994577510"
    }
  },
  "updatedAt": {
    "$date": {
      "$numberLong": "1662996073395"
    }
  },
  "__v": 0
},{
  "_id": {
    "$oid": "631f48c939a4a268046db2e4"
  },
  "ticket": "166565309",
  "pair": "XAUUSDm",
  "direction": "BUY_STOP",
  "lot": "0.05",
  "price": "1732.0",
  "sl": "1727.0",
  "tp": "1735.0",
  "opentime": "2022.09.12 14:57:06",
  "comment": "",
  "orderProfit": "",
  "status": false,
  "createdAt": {
    "$date": {
      "$numberLong": "1662994633331"
    }
  },
  "updatedAt": {
    "$date": {
      "$numberLong": "1662994633331"
    }
  },
  "__v": 0
},{
  "_id": {
    "$oid": "631fbd66c46d8f38210130fb"
  },
  "ticket": "293928734",
  "pair": "GBPUSD",
  "direction": "BUY_LIMIT",
  "lot": "0.01",
  "price": "1.16509",
  "sl": "1.16221",
  "tp": "1.17063",
  "opentime": "1663024479",
  "comment": "",
  "orderProfit": "0",
  "status": false,
  "createdAt": {
    "$date": {
      "$numberLong": "1663024487158"
    }
  },
  "updatedAt": {
    "$date": {
      "$numberLong": "1663024487158"
    }
  },
  "__v": 0
},{
  "_id": {
    "$oid": "6322859b5817ec9d2a09824b"
  },
  "ticket": "15266112",
  "pair": "XAUUSD",
  "direction": "BUY_LIMIT",
  "lot": "0.61",
  "price": "1692.0",
  "sl": "1690.0",
  "tp": "1700.0",
  "opentime": "2022.09.15 01:50:07",
  "comment": "",
  "orderProfit": "",
  "status": false,
  "createdAt": {
    "$date": {
      "$numberLong": "1663206811012"
    }
  },
  "updatedAt": {
    "$date": {
      "$numberLong": "1663206811012"
    }
  },
  "__v": 0
},{
  "_id": {
    "$oid": "6322859b5817ec9d2a09824e"
  },
  "ticket": "15266251",
  "pair": "XAUUSD",
  "direction": "BUY_LIMIT",
  "lot": "0.61",
  "price": "1693.001",
  "sl": "1693.193",
  "tp": "1703.193",
  "opentime": "2022.09.15 01:51:26",
  "comment": "",
  "orderProfit": "",
  "status": false,
  "createdAt": {
    "$date": {
      "$numberLong": "1663206811019"
    }
  },
  "updatedAt": {
    "$date": {
      "$numberLong": "1663207277931"
    }
  },
  "__v": 0
},{
  "_id": {
    "$oid": "632285d45817ec9d2a098302"
  },
  "ticket": "15266546",
  "pair": "XAUUSD",
  "direction": "SELL_LIMIT",
  "lot": "1.0",
  "price": "1696.625",
  "sl": "1699.84",
  "tp": "1689.84",
  "opentime": "2022.09.15 01:53:59",
  "comment": "",
  "orderProfit": "",
  "status": false,
  "createdAt": {
    "$date": {
      "$numberLong": "1663206868527"
    }
  },
  "updatedAt": {
    "$date": {
      "$numberLong": "1663206879759"
    }
  },
  "__v": 0
},{
  "_id": {
    "$oid": "632286885817ec9d2a09856d"
  },
  "ticket": "15266751",
  "pair": "XAUUSD",
  "direction": "SELL_LIMIT",
  "lot": "1.0",
  "price": "1696.884",
  "sl": "1709.655",
  "tp": "1689.655",
  "opentime": "2022.09.15 01:57:12",
  "comment": "",
  "orderProfit": "",
  "status": false,
  "createdAt": {
    "$date": {
      "$numberLong": "1663207048685"
    }
  },
  "updatedAt": {
    "$date": {
      "$numberLong": "1663207293221"
    }
  },
  "__v": 0
},{
  "_id": {
    "$oid": "6322882f2ed9e95572089a18"
  },
  "ticket": "15267649",
  "pair": "XAUUSD",
  "direction": "SELL_LIMIT",
  "lot": "1.0",
  "price": "1696.479",
  "sl": "1699.891",
  "tp": "1689.891",
  "opentime": "2022.09.15 02:04:11",
  "comment": "",
  "orderProfit": "",
  "status": false,
  "createdAt": {
    "$date": {
      "$numberLong": "1663207472433"
    }
  },
  "updatedAt": {
    "$date": {
      "$numberLong": "1663207535649"
    }
  },
  "__v": 0
},{
  "_id": {
    "$oid": "632288412ed9e95572089a50"
  },
  "ticket": "15267653",
  "pair": "XAUUSD",
  "direction": "BUY_LIMIT",
  "lot": "1.0",
  "price": "1696.224",
  "sl": "1690.0",
  "tp": "1710.0",
  "opentime": "2022.09.15 02:04:30",
  "comment": "",
  "orderProfit": "",
  "status": true,
  "createdAt": {
    "$date": {
      "$numberLong": "1663207490749"
    }
  },
  "updatedAt": {
    "$date": {
      "$numberLong": "1663207568477"
    }
  },
  "__v": 0
},{
  "_id": {
    "$oid": "63228cb42ed9e9557208a285"
  },
  "ticket": "15270939",
  "pair": "XAUUSD",
  "direction": "BUY_LIMIT",
  "lot": "0.9",
  "price": "1690.013",
  "sl": "1688.013",
  "tp": "1692.013",
  "opentime": "2022.09.15 02:23:40",
  "comment": "",
  "orderProfit": "",
  "status": false,
  "createdAt": {
    "$date": {
      "$numberLong": "1663208629533"
    }
  },
  "updatedAt": {
    "$date": {
      "$numberLong": "1663208629533"
    }
  },
  "__v": 0
},{
  "_id": {
    "$oid": "63228dbf2ed9e9557208a676"
  },
  "ticket": "15271471",
  "pair": "XAUUSD",
  "direction": "BUY_LIMIT",
  "lot": "0.9",
  "price": "1694.613",
  "sl": "1695.065",
  "tp": "1695.608",
  "opentime": "2022.09.15 02:28:09",
  "comment": "",
  "orderProfit": "",
  "status": true,
  "createdAt": {
    "$date": {
      "$numberLong": "1663208895950"
    }
  },
  "updatedAt": {
    "$date": {
      "$numberLong": "1663209214223"
    }
  },
  "__v": 0
},{
  "_id": {
    "$oid": "63228dd02ed9e9557208a6aa"
  },
  "ticket": "15271508",
  "pair": "XAUUSD",
  "direction": "SELL_LIMIT",
  "lot": "0.9",
  "price": "1694.8",
  "sl": "1696.8",
  "tp": "1692.8",
  "opentime": "2022.09.15 02:28:25",
  "comment": "",
  "orderProfit": "",
  "status": true,
  "createdAt": {
    "$date": {
      "$numberLong": "1663208913306"
    }
  },
  "updatedAt": {
    "$date": {
      "$numberLong": "1663208917379"
    }
  },
  "__v": 0
},{
  "_id": {
    "$oid": "632293402ed9e9557208b0d8"
  },
  "ticket": "15273635",
  "pair": "XAUUSD",
  "direction": "BUY_LIMIT",
  "lot": "0.89",
  "price": "1693.61",
  "sl": "1691.958",
  "tp": "1695.958",
  "opentime": "2022.09.15 02:51:36",
  "comment": "",
  "orderProfit": "",
  "status": true,
  "createdAt": {
    "$date": {
      "$numberLong": "1663210304868"
    }
  },
  "updatedAt": {
    "$date": {
      "$numberLong": "1663210372492"
    }
  },
  "__v": 0
},{
  "_id": {
    "$oid": "632293cf2ed9e9557208b201"
  },
  "ticket": "15273669",
  "pair": "XAUUSD",
  "direction": "BUY_LIMIT",
  "lot": "0.89",
  "price": "1693.605",
  "sl": "1691.605",
  "tp": "1695.605",
  "opentime": "2022.09.15 02:53:59",
  "comment": "",
  "orderProfit": "",
  "status": true,
  "createdAt": {
    "$date": {
      "$numberLong": "1663210448378"
    }
  },
  "updatedAt": {
    "$date": {
      "$numberLong": "1663210453144"
    }
  },
  "__v": 0
},{
  "_id": {
    "$oid": "632294b52ed9e9557208b387"
  },
  "ticket": "15273837",
  "pair": "XAUUSD",
  "direction": "BUY_LIMIT",
  "lot": "0.89",
  "price": "1693.617",
  "sl": "1691.826",
  "tp": "1695.826",
  "opentime": "2022.09.15 02:57:50",
  "comment": "",
  "orderProfit": "",
  "status": true,
  "createdAt": {
    "$date": {
      "$numberLong": "1663210678116"
    }
  },
  "updatedAt": {
    "$date": {
      "$numberLong": "1663210687030"
    }
  },
  "__v": 0
},{
  "_id": {
    "$oid": "6322961d2ed9e9557208b5e3"
  },
  "ticket": "15274489",
  "pair": "XAUUSD",
  "direction": "BUY_LIMIT",
  "lot": "0.88",
  "price": "1691.116",
  "sl": "1689.179",
  "tp": "1691.371",
  "opentime": "2022.09.15 03:03:50",
  "comment": "",
  "orderProfit": "",
  "status": true,
  "createdAt": {
    "$date": {
      "$numberLong": "1663211038120"
    }
  },
  "updatedAt": {
    "$date": {
      "$numberLong": "1663211055060"
    }
  },
  "__v": 0
},{
  "_id": {
    "$oid": "6322967f2ed9e9557208b686"
  },
  "ticket": "15274865",
  "pair": "XAUUSD",
  "direction": "BUY_LIMIT",
  "lot": "0.88",
  "price": "1691.101",
  "sl": "1689.198",
  "tp": "1691.43",
  "opentime": "2022.09.15 03:05:26",
  "comment": "",
  "orderProfit": "",
  "status": true,
  "createdAt": {
    "$date": {
      "$numberLong": "1663211136514"
    }
  },
  "updatedAt": {
    "$date": {
      "$numberLong": "1663211236457"
    }
  },
  "__v": 0
},{
  "_id": {
    "$oid": "632297312ed9e9557208b81b"
  },
  "ticket": "15274986",
  "pair": "XAUUSD",
  "direction": "SELL_LIMIT",
  "lot": "0.88",
  "price": "1691.482",
  "sl": "1693.482",
  "tp": "1689.482",
  "opentime": "2022.09.15 03:08:28",
  "comment": "",
  "orderProfit": "",
  "status": true,
  "createdAt": {
    "$date": {
      "$numberLong": "1663211314485"
    }
  },
  "updatedAt": {
    "$date": {
      "$numberLong": "1663211335203"
    }
  },
  "__v": 0
},{
  "_id": {
    "$oid": "632298162ed9e9557208b9b9"
  },
  "ticket": "15275088",
  "pair": "XAUUSD",
  "direction": "SELL_STOP",
  "lot": "0.88",
  "price": "1691.744",
  "sl": "1692.42",
  "tp": "1690.029",
  "opentime": "2022.09.15 03:12:16",
  "comment": "",
  "orderProfit": "",
  "status": true,
  "createdAt": {
    "$date": {
      "$numberLong": "1663211542833"
    }
  },
  "updatedAt": {
    "$date": {
      "$numberLong": "1663211697990"
    }
  },
  "__v": 0
},{
  "_id": {
    "$oid": "632298702ed9e9557208ba92"
  },
  "ticket": "15275132",
  "pair": "XAUUSD",
  "direction": "BUY_STOP",
  "lot": "0.88",
  "price": "1691.97",
  "sl": "1689.97",
  "tp": "1693.97",
  "opentime": "2022.09.15 03:13:46",
  "comment": "",
  "orderProfit": "",
  "status": true,
  "createdAt": {
    "$date": {
      "$numberLong": "1663211633703"
    }
  },
  "updatedAt": {
    "$date": {
      "$numberLong": "1663211637724"
    }
  },
  "__v": 0
},{
  "_id": {
    "$oid": "632847ba8dc84454d85cabfe"
  },
  "ticket": "294936426",
  "pair": "USDCHF",
  "direction": "BUY_LIMIT",
  "lot": "0.01",
  "price": "0.96527",
  "sl": "0.9638099999999999",
  "tp": "0.96906",
  "opentime": "1663584066",
  "comment": "",
  "orderProfit": "0",
  "status": true,
  "createdAt": {
    "$date": {
      "$numberLong": "1663584186846"
    }
  },
  "updatedAt": {
    "$date": {
      "$numberLong": "1663584694866"
    }
  },
  "__v": 0
},{
  "_id": {
    "$oid": "6331806f092f0c1640371b32"
  },
  "ticket": "296205185",
  "pair": "USDCHF",
  "direction": "BUY_LIMIT",
  "lot": "0.01",
  "price": "0.98532",
  "sl": "0.98295",
  "tp": "0.99027",
  "opentime": "1664188523",
  "comment": "",
  "orderProfit": "0",
  "status": false,
  "createdAt": {
    "$date": {
      "$numberLong": "1664188527462"
    }
  },
  "updatedAt": {
    "$date": {
      "$numberLong": "1664188527462"
    }
  },
  "__v": 0
}]