[{
  "_id": {
    "$oid": "63888d1846d17d032282b64a"
  },
  "trangthai": 0,
  "sotien": 700,
  "idchuyen": {
    "$oid": "63888ce846d17d032282b5f1"
  },
  "hinhthucthanhtoan": null,
  "ngay": {
    "$date": {
      "$numberLong": "1669893400144"
    }
  },
  "ghichu": "Nợ",
  "chukyno": 0,
  "createdAt": {
    "$date": {
      "$numberLong": "1669893400145"
    }
  },
  "updatedAt": {
    "$date": {
      "$numberLong": "1669893400145"
    }
  },
  "__v": 0
},{
  "_id": {
    "$oid": "6388c4b846d17d032282b766"
  },
  "iduser": {
    "$oid": "637ed12455e0ca1071a48021"
  },
  "trangthai": 0,
  "sotien": 400,
  "idchuyen": {
    "$oid": "63888f1346d17d032282b719"
  },
  "hinhthucthanhtoan": null,
  "ngay": {
    "$date": {
      "$numberLong": "1669907640839"
    }
  },
  "ghichu": "Đã thanh toán",
  "chukyno": 1,
  "createdAt": {
    "$date": {
      "$numberLong": "1669907640841"
    }
  },
  "updatedAt": {
    "$date": {
      "$numberLong": "1672024623916"
    }
  },
  "__v": 0
},{
  "_id": {
    "$oid": "6388c4b846d17d032282b767"
  },
  "iduser": {
    "$oid": "637ed12455e0ca1071a48021"
  },
  "trangthai": 0,
  "sotien": 400,
  "idchuyen": {
    "$oid": "63888f1346d17d032282b719"
  },
  "hinhthucthanhtoan": null,
  "ngay": {
    "$date": {
      "$numberLong": "1669907640840"
    }
  },
  "ghichu": "Đã thanh toán",
  "chukyno": 1,
  "createdAt": {
    "$date": {
      "$numberLong": "1669907640841"
    }
  },
  "updatedAt": {
    "$date": {
      "$numberLong": "1672024623916"
    }
  },
  "__v": 0
},{
  "_id": {
    "$oid": "63894d860872fd73db020357"
  },
  "iduser": {
    "$oid": "637ed12455e0ca1071a48021"
  },
  "trangthai": 0,
  "sotien": 800,
  "idchuyen": {
    "$oid": "63894a68fa5b243dd9c858c1"
  },
  "hinhthucthanhtoan": null,
  "ngay": {
    "$date": {
      "$numberLong": "1669942662084"
    }
  },
  "ghichu": "Đã thanh toán",
  "chukyno": 1,
  "createdAt": {
    "$date": {
      "$numberLong": "1669942662094"
    }
  },
  "updatedAt": {
    "$date": {
      "$numberLong": "1672024623916"
    }
  },
  "__v": 0
},{
  "_id": {
    "$oid": "63896f62dfdf16464abeb818"
  },
  "iduser": {
    "$oid": "637ed12455e0ca1071a48021"
  },
  "trangthai": 0,
  "sotien": 500,
  "idchuyen": {
    "$oid": "63896dea8e113426f85e43f5"
  },
  "idphieunhaphang": {
    "$oid": "63896e138e113426f85e4404"
  },
  "hinhthucthanhtoan": null,
  "ngay": {
    "$date": {
      "$numberLong": "1669951330100"
    }
  },
  "ghichu": "Đã thanh toán",
  "chukyno": 1,
  "createdAt": {
    "$date": {
      "$numberLong": "1669951330114"
    }
  },
  "updatedAt": {
    "$date": {
      "$numberLong": "1672024623916"
    }
  },
  "__v": 0
},{
  "_id": {
    "$oid": "6389c06fc1cdafba741e54ee"
  },
  "iduser": {
    "$oid": "637ed12455e0ca1071a48021"
  },
  "trangthai": 1,
  "sotien": 2100,
  "idchuyen": null,
  "idphieunhaphang": null,
  "hinhthucthanhtoan": null,
  "ngay": {
    "$date": {
      "$numberLong": "1669972079410"
    }
  },
  "ghichu": "Tất toán",
  "chukyno": 1,
  "createdAt": {
    "$date": {
      "$numberLong": "1669972079411"
    }
  },
  "updatedAt": {
    "$date": {
      "$numberLong": "1669972079411"
    }
  },
  "__v": 0
},{
  "_id": {
    "$oid": "6389f11186a073eee340ba32"
  },
  "iduser": {
    "$oid": "637ed12455e0ca1071a48021"
  },
  "trangthai": 0,
  "sotien": 1000,
  "idchuyen": {
    "$oid": "6389f0ad86a073eee340b9ec"
  },
  "idphieunhaphang": {
    "$oid": "6389f0f286a073eee340b9ff"
  },
  "hinhthucthanhtoan": null,
  "ngay": {
    "$date": {
      "$numberLong": "1669984529738"
    }
  },
  "ghichu": "Đã thanh toán",
  "chukyno": 1,
  "createdAt": {
    "$date": {
      "$numberLong": "1669984529740"
    }
  },
  "updatedAt": {
    "$date": {
      "$numberLong": "1672024623916"
    }
  },
  "__v": 0
},{
  "_id": {
    "$oid": "638d43546057cfc02076070b"
  },
  "iduser": {
    "$oid": "637ed12455e0ca1071a48021"
  },
  "trangthai": 0,
  "sotien": 900,
  "idchuyen": {
    "$oid": "638d43116057cfc0207606c2"
  },
  "idphieunhaphang": {
    "$oid": "638d433d6057cfc0207606da"
  },
  "hinhthucthanhtoan": null,
  "ngay": {
    "$date": {
      "$numberLong": "1670202196388"
    }
  },
  "ghichu": "Đã thanh toán",
  "chukyno": 1,
  "createdAt": {
    "$date": {
      "$numberLong": "1670202196393"
    }
  },
  "updatedAt": {
    "$date": {
      "$numberLong": "1672024623916"
    }
  },
  "__v": 0
},{
  "_id": {
    "$oid": "638d59a58ce5a37896059449"
  },
  "iduser": {
    "$oid": "637ed12455e0ca1071a48021"
  },
  "trangthai": 1,
  "sotien": 1000,
  "idchuyen": null,
  "idphieunhaphang": null,
  "hinhthucthanhtoan": null,
  "ngay": {
    "$date": {
      "$numberLong": "1670207909879"
    }
  },
  "ghichu": "Tất toán",
  "chukyno": 1,
  "createdAt": {
    "$date": {
      "$numberLong": "1670207909881"
    }
  },
  "updatedAt": {
    "$date": {
      "$numberLong": "1670207909881"
    }
  },
  "__v": 0
},{
  "_id": {
    "$oid": "638d6ff907f4d04ee98735ca"
  },
  "iduser": {
    "$oid": "637ed12455e0ca1071a48021"
  },
  "trangthai": 0,
  "sotien": 500,
  "idchuyen": {
    "$oid": "638d6fcd07f4d04ee9873597"
  },
  "idphieunhaphang": {
    "$oid": "638d6feb07f4d04ee98735a5"
  },
  "hinhthucthanhtoan": null,
  "ngay": {
    "$date": {
      "$numberLong": "1670213625110"
    }
  },
  "ghichu": "Đã thanh toán",
  "chukyno": 1,
  "createdAt": {
    "$date": {
      "$numberLong": "1670213625111"
    }
  },
  "updatedAt": {
    "$date": {
      "$numberLong": "1672024623916"
    }
  },
  "__v": 0
},{
  "_id": {
    "$oid": "638d732407f4d04ee98735fc"
  },
  "iduser": {
    "$oid": "637ed12455e0ca1071a48021"
  },
  "trangthai": 1,
  "sotien": 500,
  "idchuyen": null,
  "idphieunhaphang": null,
  "hinhthucthanhtoan": null,
  "ngay": {
    "$date": {
      "$numberLong": "1670214436613"
    }
  },
  "ghichu": "Tất toán",
  "chukyno": 1,
  "createdAt": {
    "$date": {
      "$numberLong": "1670214436613"
    }
  },
  "updatedAt": {
    "$date": {
      "$numberLong": "1670214436613"
    }
  },
  "__v": 0
},{
  "_id": {
    "$oid": "639975c70694d2eb3f3f1688"
  },
  "iduser": {
    "$oid": "637263970e79c57e2954e9ac"
  },
  "trangthai": 0,
  "sotien": 300,
  "idchuyen": {
    "$oid": "639975870694d2eb3f3f163b"
  },
  "idphieunhaphang": {
    "$oid": "639975b40694d2eb3f3f1662"
  },
  "hinhthucthanhtoan": null,
  "ngay": {
    "$date": {
      "$numberLong": "1671001543268"
    }
  },
  "ghichu": "Đã thanh toán",
  "chukyno": 1,
  "createdAt": {
    "$date": {
      "$numberLong": "1671001543271"
    }
  },
  "updatedAt": {
    "$date": {
      "$numberLong": "1672016785651"
    }
  },
  "__v": 0
},{
  "_id": {
    "$oid": "639975c70694d2eb3f3f1687"
  },
  "iduser": {
    "$oid": "637ed12455e0ca1071a48021"
  },
  "trangthai": 0,
  "sotien": 700,
  "idchuyen": {
    "$oid": "639975870694d2eb3f3f163b"
  },
  "idphieunhaphang": {
    "$oid": "639975a40694d2eb3f3f165b"
  },
  "hinhthucthanhtoan": null,
  "ngay": {
    "$date": {
      "$numberLong": "1671001543267"
    }
  },
  "ghichu": "Đã thanh toán",
  "chukyno": 1,
  "createdAt": {
    "$date": {
      "$numberLong": "1671001543271"
    }
  },
  "updatedAt": {
    "$date": {
      "$numberLong": "1672024623916"
    }
  },
  "__v": 0
},{
  "_id": {
    "$oid": "63a8f7211489e0e2ec175955"
  },
  "iduser": {
    "$oid": "637ed12455e0ca1071a48021"
  },
  "trangthai": 0,
  "sotien": 2400,
  "idchuyen": {
    "$oid": "63a8f6b61489e0e2ec175906"
  },
  "idphieunhaphang": {
    "$oid": "63a8f6f11489e0e2ec175926"
  },
  "hinhthucthanhtoan": null,
  "ngay": {
    "$date": {
      "$numberLong": "1672017697902"
    }
  },
  "ghichu": "Đã thanh toán",
  "chukyno": 1,
  "createdAt": {
    "$date": {
      "$numberLong": "1672017697904"
    }
  },
  "updatedAt": {
    "$date": {
      "$numberLong": "1672024623916"
    }
  },
  "__v": 0
},{
  "_id": {
    "$oid": "63a8f7211489e0e2ec175956"
  },
  "iduser": {
    "$oid": "637ed12455e0ca1071a48021"
  },
  "trangthai": 0,
  "sotien": 1100,
  "idchuyen": {
    "$oid": "63a8f6b61489e0e2ec175906"
  },
  "idphieunhaphang": {
    "$oid": "63a8f7031489e0e2ec17592d"
  },
  "hinhthucthanhtoan": null,
  "ngay": {
    "$date": {
      "$numberLong": "1672017697903"
    }
  },
  "ghichu": "Đã thanh toán",
  "chukyno": 1,
  "createdAt": {
    "$date": {
      "$numberLong": "1672017697904"
    }
  },
  "updatedAt": {
    "$date": {
      "$numberLong": "1672024623916"
    }
  },
  "__v": 0
},{
  "_id": {
    "$oid": "63a901dee83b4ef3908071d4"
  },
  "iduser": {
    "$oid": "637ed12455e0ca1071a48021"
  },
  "trangthai": 0,
  "sotien": 1300,
  "idchuyen": {
    "$oid": "63a9018fe83b4ef390807185"
  },
  "idphieunhaphang": {
    "$oid": "63a901b0e83b4ef3908071a3"
  },
  "hinhthucthanhtoan": null,
  "ngay": {
    "$date": {
      "$numberLong": "1672020446090"
    }
  },
  "ghichu": "Đã thanh toán",
  "chukyno": 1,
  "createdAt": {
    "$date": {
      "$numberLong": "1672020446093"
    }
  },
  "updatedAt": {
    "$date": {
      "$numberLong": "1672024623916"
    }
  },
  "__v": 0
},{
  "_id": {
    "$oid": "63a901dee83b4ef3908071d6"
  },
  "iduser": {
    "$oid": "637ed12455e0ca1071a48021"
  },
  "trangthai": 0,
  "sotien": 600,
  "idchuyen": {
    "$oid": "63a9018fe83b4ef390807185"
  },
  "idphieunhaphang": {
    "$oid": "63a901cfe83b4ef3908071b1"
  },
  "hinhthucthanhtoan": null,
  "ngay": {
    "$date": {
      "$numberLong": "1672020446091"
    }
  },
  "ghichu": "Đã thanh toán",
  "chukyno": 1,
  "createdAt": {
    "$date": {
      "$numberLong": "1672020446093"
    }
  },
  "updatedAt": {
    "$date": {
      "$numberLong": "1672024623916"
    }
  },
  "__v": 0
},{
  "_id": {
    "$oid": "63a901dee83b4ef3908071d5"
  },
  "iduser": {
    "$oid": "637ed12455e0ca1071a48021"
  },
  "trangthai": 0,
  "sotien": 1200,
  "idchuyen": {
    "$oid": "63a9018fe83b4ef390807185"
  },
  "idphieunhaphang": {
    "$oid": "63a901c0e83b4ef3908071aa"
  },
  "hinhthucthanhtoan": null,
  "ngay": {
    "$date": {
      "$numberLong": "1672020446091"
    }
  },
  "ghichu": "Đã thanh toán",
  "chukyno": 1,
  "createdAt": {
    "$date": {
      "$numberLong": "1672020446093"
    }
  },
  "updatedAt": {
    "$date": {
      "$numberLong": "1672024623916"
    }
  },
  "__v": 0
},{
  "_id": {
    "$oid": "63a903c3e83b4ef3908072a1"
  },
  "iduser": {
    "$oid": "637ed12455e0ca1071a48021"
  },
  "trangthai": 1,
  "sotien": 1300,
  "idchuyen": null,
  "idphieunhaphang": null,
  "hinhthucthanhtoan": null,
  "ngay": {
    "$date": {
      "$numberLong": "1672020931701"
    }
  },
  "ghichu": "Tất toán",
  "chukyno": 1,
  "createdAt": {
    "$date": {
      "$numberLong": "1672020931702"
    }
  },
  "updatedAt": {
    "$date": {
      "$numberLong": "1672020931702"
    }
  },
  "__v": 0
},{
  "_id": {
    "$oid": "63a903d6e83b4ef3908072ac"
  },
  "iduser": {
    "$oid": "637ed12455e0ca1071a48021"
  },
  "trangthai": 1,
  "sotien": 0,
  "idchuyen": null,
  "idphieunhaphang": null,
  "hinhthucthanhtoan": null,
  "ngay": {
    "$date": {
      "$numberLong": "1672020950299"
    }
  },
  "ghichu": "Tất toán",
  "chukyno": 1,
  "createdAt": {
    "$date": {
      "$numberLong": "1672020950300"
    }
  },
  "updatedAt": {
    "$date": {
      "$numberLong": "1672020950300"
    }
  },
  "__v": 0
},{
  "_id": {
    "$oid": "63a90622e83b4ef3908073b6"
  },
  "iduser": {
    "$oid": "637ed12455e0ca1071a48021"
  },
  "trangthai": 0,
  "sotien": 1000,
  "idchuyen": {
    "$oid": "63a905c2e83b4ef390807371"
  },
  "idphieunhaphang": {
    "$oid": "63a90615e83b4ef390807394"
  },
  "hinhthucthanhtoan": null,
  "ngay": {
    "$date": {
      "$numberLong": "1672021538326"
    }
  },
  "ghichu": "Đã thanh toán",
  "chukyno": 1,
  "createdAt": {
    "$date": {
      "$numberLong": "1672021538327"
    }
  },
  "updatedAt": {
    "$date": {
      "$numberLong": "1672024623916"
    }
  },
  "__v": 0
},{
  "_id": {
    "$oid": "63a90622e83b4ef3908073b5"
  },
  "iduser": {
    "$oid": "637ed12455e0ca1071a48021"
  },
  "trangthai": 0,
  "sotien": 1500,
  "idchuyen": {
    "$oid": "63a905c2e83b4ef390807371"
  },
  "idphieunhaphang": {
    "$oid": "63a90609e83b4ef39080738d"
  },
  "hinhthucthanhtoan": null,
  "ngay": {
    "$date": {
      "$numberLong": "1672021538325"
    }
  },
  "ghichu": "Đã thanh toán",
  "chukyno": 1,
  "createdAt": {
    "$date": {
      "$numberLong": "1672021538327"
    }
  },
  "updatedAt": {
    "$date": {
      "$numberLong": "1672024623916"
    }
  },
  "__v": 0
},{
  "_id": {
    "$oid": "63a90fa077ffca0b15f3d25c"
  },
  "iduser": {
    "$oid": "637ed12455e0ca1071a48021"
  },
  "trangthai": 0,
  "sotien": 1500,
  "idchuyen": {
    "$oid": "63a905c2e83b4ef390807371"
  },
  "idphieunhaphang": {
    "$oid": "63a90609e83b4ef39080738d"
  },
  "hinhthucthanhtoan": null,
  "ngay": {
    "$date": {
      "$numberLong": "1672023968438"
    }
  },
  "ghichu": "Đã thanh toán",
  "chukyno": 1,
  "createdAt": {
    "$date": {
      "$numberLong": "1672023968450"
    }
  },
  "updatedAt": {
    "$date": {
      "$numberLong": "1672024623916"
    }
  },
  "__v": 0
},{
  "_id": {
    "$oid": "63a90fa077ffca0b15f3d25d"
  },
  "iduser": {
    "$oid": "637ed12455e0ca1071a48021"
  },
  "trangthai": 0,
  "sotien": 1000,
  "idchuyen": {
    "$oid": "63a905c2e83b4ef390807371"
  },
  "idphieunhaphang": {
    "$oid": "63a90615e83b4ef390807394"
  },
  "hinhthucthanhtoan": null,
  "ngay": {
    "$date": {
      "$numberLong": "1672023968441"
    }
  },
  "ghichu": "Đã thanh toán",
  "chukyno": 1,
  "createdAt": {
    "$date": {
      "$numberLong": "1672023968450"
    }
  },
  "updatedAt": {
    "$date": {
      "$numberLong": "1672024623916"
    }
  },
  "__v": 0
},{
  "_id": {
    "$oid": "63a90fb077ffca0b15f3d2ba"
  },
  "iduser": {
    "$oid": "637ed12455e0ca1071a48021"
  },
  "trangthai": 0,
  "sotien": 1300,
  "idchuyen": {
    "$oid": "63a9018fe83b4ef390807185"
  },
  "idphieunhaphang": {
    "$oid": "63a901b0e83b4ef3908071a3"
  },
  "hinhthucthanhtoan": null,
  "ngay": {
    "$date": {
      "$numberLong": "1672023984771"
    }
  },
  "ghichu": "Đã thanh toán",
  "chukyno": 1,
  "createdAt": {
    "$date": {
      "$numberLong": "1672023984773"
    }
  },
  "updatedAt": {
    "$date": {
      "$numberLong": "1672024623916"
    }
  },
  "__v": 0
},{
  "_id": {
    "$oid": "63a90fb077ffca0b15f3d2bb"
  },
  "iduser": {
    "$oid": "637ed12455e0ca1071a48021"
  },
  "trangthai": 0,
  "sotien": 1200,
  "idchuyen": {
    "$oid": "63a9018fe83b4ef390807185"
  },
  "idphieunhaphang": {
    "$oid": "63a901c0e83b4ef3908071aa"
  },
  "hinhthucthanhtoan": null,
  "ngay": {
    "$date": {
      "$numberLong": "1672023984772"
    }
  },
  "ghichu": "Đã thanh toán",
  "chukyno": 1,
  "createdAt": {
    "$date": {
      "$numberLong": "1672023984773"
    }
  },
  "updatedAt": {
    "$date": {
      "$numberLong": "1672024623916"
    }
  },
  "__v": 0
},{
  "_id": {
    "$oid": "63a90fb077ffca0b15f3d2bc"
  },
  "iduser": {
    "$oid": "637ed12455e0ca1071a48021"
  },
  "trangthai": 0,
  "sotien": 600,
  "idchuyen": {
    "$oid": "63a9018fe83b4ef390807185"
  },
  "idphieunhaphang": {
    "$oid": "63a901cfe83b4ef3908071b1"
  },
  "hinhthucthanhtoan": null,
  "ngay": {
    "$date": {
      "$numberLong": "1672023984772"
    }
  },
  "ghichu": "Đã thanh toán",
  "chukyno": 1,
  "createdAt": {
    "$date": {
      "$numberLong": "1672023984773"
    }
  },
  "updatedAt": {
    "$date": {
      "$numberLong": "1672024623916"
    }
  },
  "__v": 0
},{
  "_id": {
    "$oid": "63a90fbd77ffca0b15f3d320"
  },
  "iduser": {
    "$oid": "637ed12455e0ca1071a48021"
  },
  "trangthai": 0,
  "sotien": 2400,
  "idchuyen": {
    "$oid": "63a8f6b61489e0e2ec175906"
  },
  "idphieunhaphang": {
    "$oid": "63a8f6f11489e0e2ec175926"
  },
  "hinhthucthanhtoan": null,
  "ngay": {
    "$date": {
      "$numberLong": "1672023997566"
    }
  },
  "ghichu": "Đã thanh toán",
  "chukyno": 1,
  "createdAt": {
    "$date": {
      "$numberLong": "1672023997568"
    }
  },
  "updatedAt": {
    "$date": {
      "$numberLong": "1672024623916"
    }
  },
  "__v": 0
},{
  "_id": {
    "$oid": "63a90fbd77ffca0b15f3d321"
  },
  "iduser": {
    "$oid": "637ed12455e0ca1071a48021"
  },
  "trangthai": 0,
  "sotien": 1100,
  "idchuyen": {
    "$oid": "63a8f6b61489e0e2ec175906"
  },
  "idphieunhaphang": {
    "$oid": "63a8f7031489e0e2ec17592d"
  },
  "hinhthucthanhtoan": null,
  "ngay": {
    "$date": {
      "$numberLong": "1672023997567"
    }
  },
  "ghichu": "Đã thanh toán",
  "chukyno": 1,
  "createdAt": {
    "$date": {
      "$numberLong": "1672023997568"
    }
  },
  "updatedAt": {
    "$date": {
      "$numberLong": "1672024623916"
    }
  },
  "__v": 0
},{
  "_id": {
    "$oid": "63a9122f77ffca0b15f3d453"
  },
  "iduser": {
    "$oid": "637ed12455e0ca1071a48021"
  },
  "trangthai": 1,
  "sotien": 11600,
  "idchuyen": null,
  "idphieunhaphang": null,
  "hinhthucthanhtoan": null,
  "ngay": {
    "$date": {
      "$numberLong": "1672024623876"
    }
  },
  "ghichu": "Tất toán",
  "chukyno": 1,
  "createdAt": {
    "$date": {
      "$numberLong": "1672024623877"
    }
  },
  "updatedAt": {
    "$date": {
      "$numberLong": "1672024623877"
    }
  },
  "__v": 0
},{
  "_id": {
    "$oid": "63a9125377ffca0b15f3d469"
  },
  "iduser": {
    "$oid": "637ed12455e0ca1071a48021"
  },
  "trangthai": 0,
  "sotien": 900,
  "idchuyen": {
    "$oid": "63a90fdc77ffca0b15f3d38a"
  },
  "idphieunhaphang": {
    "$oid": "63a9102e77ffca0b15f3d3d5"
  },
  "hinhthucthanhtoan": null,
  "ngay": {
    "$date": {
      "$numberLong": "1672024659843"
    }
  },
  "ghichu": "Đã thanh toán",
  "chukyno": 1,
  "createdAt": {
    "$date": {
      "$numberLong": "1672024659845"
    }
  },
  "updatedAt": {
    "$date": {
      "$numberLong": "1672025316389"
    }
  },
  "__v": 0
},{
  "_id": {
    "$oid": "63a9125377ffca0b15f3d468"
  },
  "iduser": {
    "$oid": "637ed12455e0ca1071a48021"
  },
  "trangthai": 0,
  "sotien": 2000,
  "idchuyen": {
    "$oid": "63a90fdc77ffca0b15f3d38a"
  },
  "idphieunhaphang": {
    "$oid": "63a9101f77ffca0b15f3d3ce"
  },
  "hinhthucthanhtoan": null,
  "ngay": {
    "$date": {
      "$numberLong": "1672024659843"
    }
  },
  "ghichu": "Đã thanh toán",
  "chukyno": 1,
  "createdAt": {
    "$date": {
      "$numberLong": "1672024659844"
    }
  },
  "updatedAt": {
    "$date": {
      "$numberLong": "1672025316432"
    }
  },
  "__v": 0
},{
  "_id": {
    "$oid": "63a914ab77ffca0b15f3d5e0"
  },
  "iduser": {
    "$oid": "637ed12455e0ca1071a48021"
  },
  "trangthai": 0,
  "sotien": 500,
  "idchuyen": {
    "$oid": "63a9141077ffca0b15f3d559"
  },
  "idphieunhaphang": {
    "$oid": "63a9146e77ffca0b15f3d5a8"
  },
  "hinhthucthanhtoan": null,
  "ngay": {
    "$date": {
      "$numberLong": "1672025259831"
    }
  },
  "ghichu": "Đã thanh toán",
  "chukyno": 1,
  "createdAt": {
    "$date": {
      "$numberLong": "1672025259832"
    }
  },
  "updatedAt": {
    "$date": {
      "$numberLong": "1672036127197"
    }
  },
  "__v": 0
},{
  "_id": {
    "$oid": "63a914ab77ffca0b15f3d5de"
  },
  "iduser": {
    "$oid": "637ed12455e0ca1071a48021"
  },
  "trangthai": 0,
  "sotien": 1000,
  "idchuyen": {
    "$oid": "63a9141077ffca0b15f3d559"
  },
  "idphieunhaphang": {
    "$oid": "63a9143677ffca0b15f3d579"
  },
  "hinhthucthanhtoan": null,
  "ngay": {
    "$date": {
      "$numberLong": "1672025259830"
    }
  },
  "ghichu": "Đã thanh toán",
  "chukyno": 1,
  "createdAt": {
    "$date": {
      "$numberLong": "1672025259832"
    }
  },
  "updatedAt": {
    "$date": {
      "$numberLong": "1672025316345"
    }
  },
  "__v": 0
},{
  "_id": {
    "$oid": "63a914ab77ffca0b15f3d5df"
  },
  "iduser": {
    "$oid": "637ed12455e0ca1071a48021"
  },
  "trangthai": 0,
  "sotien": 1400,
  "idchuyen": {
    "$oid": "63a9141077ffca0b15f3d559"
  },
  "idphieunhaphang": {
    "$oid": "63a9144777ffca0b15f3d580"
  },
  "hinhthucthanhtoan": null,
  "ngay": {
    "$date": {
      "$numberLong": "1672025259831"
    }
  },
  "ghichu": "Nợ",
  "chukyno": 0,
  "createdAt": {
    "$date": {
      "$numberLong": "1672025259832"
    }
  },
  "updatedAt": {
    "$date": {
      "$numberLong": "1672025259832"
    }
  },
  "__v": 0
},{
  "_id": {
    "$oid": "63a9582277ffca0b15f3e9f8"
  },
  "iduser": {
    "$oid": "637ed12455e0ca1071a48021"
  },
  "trangthai": 0,
  "sotien": 700,
  "idchuyen": {
    "$oid": "63a94a8477ffca0b15f3e55e"
  },
  "idphieunhaphang": {
    "$oid": "63a94aa577ffca0b15f3e57e"
  },
  "hinhthucthanhtoan": null,
  "ngay": {
    "$date": {
      "$numberLong": "1672042530717"
    }
  },
  "ghichu": "Nợ",
  "chukyno": 0,
  "createdAt": {
    "$date": {
      "$numberLong": "1672042530718"
    }
  },
  "updatedAt": {
    "$date": {
      "$numberLong": "1672042530718"
    }
  },
  "__v": 0
}]