[{
  "_id": {
    "$oid": "6376fd93df5d2e9ea227013f"
  },
  "idchuyen": {
    "$oid": "636fb58890a4812a86b7c51e"
  },
  "biensoxe": "43B11231",
  "iduser": {
    "$oid": "637263970e79c57e2954e9ac"
  },
  "tiencuoc": 500,
  "lotrinh": "1",
  "ngaynhap": {
    "$date": {
      "$numberLong": "1668742547422"
    }
  },
  "noidungdonhang": "1 tan ahg",
  "diadiembochang": "sadfasdf",
  "hinhthucthanhtoan": "2",
  "ghichu": "egdsfg",
  "trangthai": 0,
  "createdAt": {
    "$date": {
      "$numberLong": "1668742547423"
    }
  },
  "updatedAt": {
    "$date": {
      "$numberLong": "1668742547423"
    }
  },
  "__v": 0
},{
  "_id": {
    "$oid": "637b941bc8493f1adf3797ae"
  },
  "tiencuoc": 400,
  "lotrinh": "1",
  "ngaynhap": {
    "$date": {
      "$numberLong": "1669043227883"
    }
  },
  "noidungdonhang": "phvnam1",
  "diadiembochang": "Bãi xe",
  "hinhthucthanhtoan": "2",
  "ghichu": "hihi haha",
  "createdAt": {
    "$date": {
      "$numberLong": "1669043227887"
    }
  },
  "updatedAt": {
    "$date": {
      "$numberLong": "1669043227887"
    }
  },
  "__v": 0
},{
  "_id": {
    "$oid": "637b9689166ded1f79c15211"
  },
  "idchuyen": {
    "$oid": "636fb58890a4812a86b7c51e"
  },
  "biensoxe": "43B11231",
  "iduser": {
    "$oid": "637263970e79c57e2954e9ac"
  },
  "tiencuoc": 500,
  "lotrinh": "1",
  "ngaynhap": {
    "$date": {
      "$numberLong": "1669043849099"
    }
  },
  "noidungdonhang": "phvnam1",
  "diadiembochang": "Bãi xe",
  "hinhthucthanhtoan": "2",
  "ghichu": "hiahfid",
  "trangthai": 0,
  "createdAt": {
    "$date": {
      "$numberLong": "1669043849106"
    }
  },
  "updatedAt": {
    "$date": {
      "$numberLong": "1669043849106"
    }
  },
  "__v": 0
},{
  "_id": {
    "$oid": "637d9d2189c25399780b20b7"
  },
  "idchuyen": {
    "$oid": "637d91b2affdcc8975001c22"
  },
  "biensoxe": "43B3434",
  "iduser": {
    "$oid": "637263970e79c57e2954e9ac"
  },
  "tiencuoc": 400,
  "lotrinh": "1",
  "ngaynhap": {
    "$date": {
      "$numberLong": "1669176609895"
    }
  },
  "noidungdonhang": "Nội dung đơn hàng",
  "diadiembochang": "sadfasdf",
  "hinhthucthanhtoan": "1",
  "ghichu": null,
  "trangthai": 0,
  "createdAt": {
    "$date": {
      "$numberLong": "1669176609897"
    }
  },
  "updatedAt": {
    "$date": {
      "$numberLong": "1669176609897"
    }
  },
  "__v": 0
},{
  "_id": {
    "$oid": "637ebfc155e0ca1071a47f3f"
  },
  "idchuyen": {
    "$oid": "637e3fe7a11095a556fbf009"
  },
  "biensoxe": "43A123123",
  "iduser": {
    "$oid": "637263970e79c57e2954e9ac"
  },
  "tiencuoc": 400,
  "lotrinh": "1",
  "ngaynhap": {
    "$date": {
      "$numberLong": "1669251009091"
    }
  },
  "noidungdonhang": "Nội dung đơn hàng",
  "diadiembochang": "Địa điểm bóc hàng",
  "hinhthucthanhtoan": "2",
  "ghichu": null,
  "trangthai": 0,
  "createdAt": {
    "$date": {
      "$numberLong": "1669251009096"
    }
  },
  "updatedAt": {
    "$date": {
      "$numberLong": "1669251009096"
    }
  },
  "__v": 0
},{
  "_id": {
    "$oid": "637ec97555e0ca1071a47f9f"
  },
  "idchuyen": {
    "$oid": "637ec8fc55e0ca1071a47f91"
  },
  "biensoxe": "43B11231",
  "iduser": {
    "$oid": "637263970e79c57e2954e9ac"
  },
  "tiencuoc": 400,
  "lotrinh": "1",
  "ngaynhap": {
    "$date": {
      "$numberLong": "1669253493221"
    }
  },
  "noidungdonhang": "Nội dung đơn hàng",
  "diadiembochang": "sadfasdf",
  "hinhthucthanhtoan": "2",
  "ghichu": "fdasdfasdf",
  "trangthai": 0,
  "createdAt": {
    "$date": {
      "$numberLong": "1669253493222"
    }
  },
  "updatedAt": {
    "$date": {
      "$numberLong": "1669253493222"
    }
  },
  "__v": 0
},{
  "_id": {
    "$oid": "637ee692576a6654fc169f4c"
  },
  "idchuyen": {
    "$oid": "637ecfa855e0ca1071a47ffa"
  },
  "biensoxe": "43A123123",
  "iduser": {
    "$oid": "637263970e79c57e2954e9ac"
  },
  "tiencuoc": 700,
  "lotrinh": "0",
  "ngaynhap": {
    "$date": {
      "$numberLong": "1669260946752"
    }
  },
  "noidungdonhang": "Nội dung đơn hàng",
  "diadiembochang": "Địa điểm bóc hàng",
  "hinhthucthanhtoan": "2",
  "ghichu": "adfasdfasdf",
  "trangthai": 0,
  "createdAt": {
    "$date": {
      "$numberLong": "1669260946758"
    }
  },
  "updatedAt": {
    "$date": {
      "$numberLong": "1669260946758"
    }
  },
  "__v": 0
},{
  "_id": {
    "$oid": "637ee6a3576a6654fc169f53"
  },
  "idchuyen": {
    "$oid": "637ecfa855e0ca1071a47ffa"
  },
  "biensoxe": "43A123123",
  "iduser": {
    "$oid": "637ed12455e0ca1071a48021"
  },
  "tiencuoc": 300,
  "lotrinh": "1",
  "ngaynhap": {
    "$date": {
      "$numberLong": "1669260963051"
    }
  },
  "noidungdonhang": "Nội dung đơn hàng",
  "diadiembochang": "Địa điểm bóc hàng",
  "hinhthucthanhtoan": "2",
  "ghichu": null,
  "trangthai": 0,
  "createdAt": {
    "$date": {
      "$numberLong": "1669260963053"
    }
  },
  "updatedAt": {
    "$date": {
      "$numberLong": "1669260963053"
    }
  },
  "__v": 0
},{
  "_id": {
    "$oid": "63821a9d2b69986428b5bfab"
  },
  "idchuyen": {
    "$oid": "63821a672b69986428b5bf9b"
  },
  "biensoxe": "43B3434",
  "iduser": {
    "$oid": "637ed12455e0ca1071a48021"
  },
  "tiencuoc": 700,
  "lotrinh": "0",
  "ngaynhap": {
    "$date": {
      "$numberLong": "1669470877326"
    }
  },
  "noidungdonhang": "boc 1 tân vai",
  "diadiembochang": "Bãi xe",
  "hinhthucthanhtoan": 2,
  "ghichu": "khjihiihi",
  "trangthai": 0,
  "createdAt": {
    "$date": {
      "$numberLong": "1669470877327"
    }
  },
  "updatedAt": {
    "$date": {
      "$numberLong": "1669470877327"
    }
  },
  "__v": 0
},{
  "_id": {
    "$oid": "63821ac12b69986428b5bfb2"
  },
  "idchuyen": {
    "$oid": "63821a672b69986428b5bf9b"
  },
  "biensoxe": "43B3434",
  "iduser": {
    "$oid": "637263970e79c57e2954e9ac"
  },
  "tiencuoc": 500,
  "lotrinh": "1",
  "ngaynhap": {
    "$date": {
      "$numberLong": "1669470913674"
    }
  },
  "noidungdonhang": "bai xe",
  "diadiembochang": "Bãi xe",
  "hinhthucthanhtoan": 2,
  "ghichu": null,
  "trangthai": 0,
  "createdAt": {
    "$date": {
      "$numberLong": "1669470913675"
    }
  },
  "updatedAt": {
    "$date": {
      "$numberLong": "1669470913675"
    }
  },
  "__v": 0
},{
  "_id": {
    "$oid": "638221922b69986428b5c1c3"
  },
  "idchuyen": {
    "$oid": "638163ee7f2f08ae865651df"
  },
  "biensoxe": "43B11231",
  "iduser": {
    "$oid": "637ed12455e0ca1071a48021"
  },
  "tiencuoc": 1800,
  "lotrinh": "0",
  "ngaynhap": {
    "$date": {
      "$numberLong": "1669472658155"
    }
  },
  "noidungdonhang": "phvnam1",
  "diadiembochang": "Bãi xe",
  "hinhthucthanhtoan": 2,
  "ghichu": null,
  "trangthai": 0,
  "createdAt": {
    "$date": {
      "$numberLong": "1669472658156"
    }
  },
  "updatedAt": {
    "$date": {
      "$numberLong": "1669472658156"
    }
  },
  "__v": 0
},{
  "_id": {
    "$oid": "638227ce2b69986428b5c2d3"
  },
  "idchuyen": {
    "$oid": "638227a72b69986428b5c2b5"
  },
  "biensoxe": "43B3434",
  "iduser": {
    "$oid": "637ed12455e0ca1071a48021"
  },
  "tiencuoc": 700,
  "lotrinh": "0",
  "ngaynhap": {
    "$date": {
      "$numberLong": "1669474254989"
    }
  },
  "noidungdonhang": "phvnam1",
  "diadiembochang": "Bãi xe",
  "hinhthucthanhtoan": 2,
  "ghichu": "hihi",
  "trangthai": 0,
  "createdAt": {
    "$date": {
      "$numberLong": "1669474254990"
    }
  },
  "updatedAt": {
    "$date": {
      "$numberLong": "1669474254990"
    }
  },
  "__v": 0
},{
  "_id": {
    "$oid": "63822b01b1eda344414e4091"
  },
  "idchuyen": {
    "$oid": "63822abdb1eda344414e4058"
  },
  "biensoxe": "43A123123",
  "iduser": {
    "$oid": "637263970e79c57e2954e9ac"
  },
  "tiencuoc": 400,
  "lotrinh": "0",
  "ngaynhap": {
    "$date": {
      "$numberLong": "1669475073772"
    }
  },
  "noidungdonhang": "phvnam1",
  "diadiembochang": "Bãi xe",
  "hinhthucthanhtoan": 2,
  "ghichu": "hihi",
  "trangthai": 0,
  "createdAt": {
    "$date": {
      "$numberLong": "1669475073773"
    }
  },
  "updatedAt": {
    "$date": {
      "$numberLong": "1669475073773"
    }
  },
  "__v": 0
},{
  "_id": {
    "$oid": "63822bf3b1eda344414e415b"
  },
  "idchuyen": {
    "$oid": "63822bd0b1eda344414e4133"
  },
  "biensoxe": "43A123123",
  "iduser": {
    "$oid": "637ed12455e0ca1071a48021"
  },
  "tiencuoc": 1000,
  "lotrinh": "0",
  "ngaynhap": {
    "$date": {
      "$numberLong": "1669475315586"
    }
  },
  "noidungdonhang": "phvnam1",
  "diadiembochang": "phvnam2",
  "hinhthucthanhtoan": 2,
  "ghichu": null,
  "trangthai": 0,
  "createdAt": {
    "$date": {
      "$numberLong": "1669475315587"
    }
  },
  "updatedAt": {
    "$date": {
      "$numberLong": "1669475315587"
    }
  },
  "__v": 0
},{
  "_id": {
    "$oid": "63822d25b1eda344414e427b"
  },
  "idchuyen": {
    "$oid": "63822d08b1eda344414e4251"
  },
  "biensoxe": "43B11231",
  "iduser": {
    "$oid": "637263970e79c57e2954e9ac"
  },
  "tiencuoc": 300,
  "lotrinh": "0",
  "ngaynhap": {
    "$date": {
      "$numberLong": "1669475621171"
    }
  },
  "noidungdonhang": "phvnam1",
  "diadiembochang": "phvnam2",
  "hinhthucthanhtoan": 2,
  "ghichu": null,
  "trangthai": 0,
  "createdAt": {
    "$date": {
      "$numberLong": "1669475621172"
    }
  },
  "updatedAt": {
    "$date": {
      "$numberLong": "1669475621172"
    }
  },
  "__v": 0
},{
  "_id": {
    "$oid": "63888d0346d17d032282b61b"
  },
  "idchuyen": {
    "$oid": "63888ce846d17d032282b5f1"
  },
  "biensoxe": "43B11231",
  "iduser": {
    "$oid": "637ed12455e0ca1071a48021"
  },
  "tiencuoc": 700,
  "lotrinh": "0",
  "ngaynhap": {
    "$date": {
      "$numberLong": "1669893379012"
    }
  },
  "noidungdonhang": "phvnam1",
  "diadiembochang": "phvnam2",
  "hinhthucthanhtoan": 2,
  "ghichu": null,
  "trangthai": 0,
  "createdAt": {
    "$date": {
      "$numberLong": "1669893379013"
    }
  },
  "updatedAt": {
    "$date": {
      "$numberLong": "1669893379013"
    }
  },
  "__v": 0
},{
  "_id": {
    "$oid": "6388910a46d17d032282b729"
  },
  "idchuyen": {
    "$oid": "63888f1346d17d032282b719"
  },
  "biensoxe": "43B11231",
  "iduser": {
    "$oid": "637ed12455e0ca1071a48021"
  },
  "tiencuoc": 400,
  "lotrinh": "0",
  "ngaynhap": {
    "$date": {
      "$numberLong": "1669894410647"
    }
  },
  "noidungdonhang": "phvnam1",
  "diadiembochang": "Bãi xe",
  "hinhthucthanhtoan": 2,
  "ghichu": null,
  "trangthai": 0,
  "createdAt": {
    "$date": {
      "$numberLong": "1669894410648"
    }
  },
  "updatedAt": {
    "$date": {
      "$numberLong": "1669894410648"
    }
  },
  "__v": 0
},{
  "_id": {
    "$oid": "6388913946d17d032282b734"
  },
  "idchuyen": {
    "$oid": "63888f1346d17d032282b719"
  },
  "biensoxe": "43B11231",
  "iduser": {
    "$oid": "637ed12455e0ca1071a48021"
  },
  "tiencuoc": 400,
  "lotrinh": "0",
  "ngaynhap": {
    "$date": {
      "$numberLong": "1669894457127"
    }
  },
  "noidungdonhang": "phvnam1",
  "diadiembochang": "Bãi xe",
  "hinhthucthanhtoan": 2,
  "ghichu": null,
  "trangthai": 0,
  "createdAt": {
    "$date": {
      "$numberLong": "1669894457128"
    }
  },
  "updatedAt": {
    "$date": {
      "$numberLong": "1669894457128"
    }
  },
  "__v": 0
},{
  "_id": {
    "$oid": "63894ab1fa5b243dd9c858d7"
  },
  "idchuyen": {
    "$oid": "63894a68fa5b243dd9c858c1"
  },
  "biensoxe": "43B3434",
  "iduser": {
    "$oid": "637ed12455e0ca1071a48021"
  },
  "tiencuoc": 800,
  "lotrinh": "0",
  "ngaynhap": {
    "$date": {
      "$numberLong": "1669941937612"
    }
  },
  "noidungdonhang": "Nội dung đơn hàng",
  "diadiembochang": "Địa điểm bóc hàng",
  "hinhthucthanhtoan": 2,
  "ghichu": null,
  "trangthai": 0,
  "createdAt": {
    "$date": {
      "$numberLong": "1669941937613"
    }
  },
  "updatedAt": {
    "$date": {
      "$numberLong": "1669941937613"
    }
  },
  "__v": 0
},{
  "_id": {
    "$oid": "63896e138e113426f85e4404"
  },
  "idchuyen": {
    "$oid": "63896dea8e113426f85e43f5"
  },
  "biensoxe": "43A123123",
  "iduser": {
    "$oid": "637ed12455e0ca1071a48021"
  },
  "tiencuoc": 500,
  "lotrinh": "0",
  "ngaynhap": {
    "$date": {
      "$numberLong": "1669950995969"
    }
  },
  "noidungdonhang": "Nội dung đơn hàng",
  "diadiembochang": "Địa điểm bóc hàng",
  "hinhthucthanhtoan": 2,
  "ghichu": null,
  "trangthai": 0,
  "createdAt": {
    "$date": {
      "$numberLong": "1669950995970"
    }
  },
  "updatedAt": {
    "$date": {
      "$numberLong": "1669951043248"
    }
  },
  "__v": 0
},{
  "_id": {
    "$oid": "6389f0f286a073eee340b9ff"
  },
  "idchuyen": {
    "$oid": "6389f0ad86a073eee340b9ec"
  },
  "biensoxe": "43B11231",
  "iduser": {
    "$oid": "637ed12455e0ca1071a48021"
  },
  "tiencuoc": 1000,
  "lotrinh": "0",
  "ngaynhap": {
    "$date": {
      "$numberLong": "1669984498843"
    }
  },
  "noidungdonhang": "boc 1 tân vai",
  "diadiembochang": "Bãi xe",
  "hinhthucthanhtoan": 2,
  "ghichu": null,
  "trangthai": 0,
  "createdAt": {
    "$date": {
      "$numberLong": "1669984498844"
    }
  },
  "updatedAt": {
    "$date": {
      "$numberLong": "1669984498844"
    }
  },
  "__v": 0
},{
  "_id": {
    "$oid": "638d433d6057cfc0207606da"
  },
  "idchuyen": {
    "$oid": "638d43116057cfc0207606c2"
  },
  "biensoxe": "43B3434",
  "iduser": {
    "$oid": "637ed12455e0ca1071a48021"
  },
  "tiencuoc": 900,
  "lotrinh": "1",
  "ngaynhap": {
    "$date": {
      "$numberLong": "1670202173256"
    }
  },
  "noidungdonhang": "Nội dung đơn hàng",
  "diadiembochang": "Địa điểm bóc hàng",
  "hinhthucthanhtoan": 2,
  "ghichu": null,
  "trangthai": 0,
  "createdAt": {
    "$date": {
      "$numberLong": "1670202173258"
    }
  },
  "updatedAt": {
    "$date": {
      "$numberLong": "1670202173258"
    }
  },
  "__v": 0
},{
  "_id": {
    "$oid": "638d6feb07f4d04ee98735a5"
  },
  "idchuyen": {
    "$oid": "638d6fcd07f4d04ee9873597"
  },
  "biensoxe": "43B11231",
  "iduser": {
    "$oid": "637ed12455e0ca1071a48021"
  },
  "tiencuoc": 500,
  "lotrinh": "0",
  "ngaynhap": {
    "$date": {
      "$numberLong": "1670213611318"
    }
  },
  "noidungdonhang": "Nội dung đơn hàng",
  "diadiembochang": "Địa điểm bóc hàng",
  "hinhthucthanhtoan": 2,
  "ghichu": null,
  "trangthai": 0,
  "createdAt": {
    "$date": {
      "$numberLong": "1670213611319"
    }
  },
  "updatedAt": {
    "$date": {
      "$numberLong": "1670213611319"
    }
  },
  "__v": 0
},{
  "_id": {
    "$oid": "639975a40694d2eb3f3f165b"
  },
  "idchuyen": {
    "$oid": "639975870694d2eb3f3f163b"
  },
  "biensoxe": "43B3434",
  "iduser": {
    "$oid": "637ed12455e0ca1071a48021"
  },
  "tiencuoc": 700,
  "lotrinh": "0",
  "ngaynhap": {
    "$date": {
      "$numberLong": "1671001508218"
    }
  },
  "noidungdonhang": "Nội dung đơn hàng",
  "diadiembochang": "Địa điểm bóc hàng",
  "hinhthucthanhtoan": 2,
  "ghichu": null,
  "trangthai": 0,
  "createdAt": {
    "$date": {
      "$numberLong": "1671001508219"
    }
  },
  "updatedAt": {
    "$date": {
      "$numberLong": "1671001508219"
    }
  },
  "__v": 0
},{
  "_id": {
    "$oid": "639975b40694d2eb3f3f1662"
  },
  "idchuyen": {
    "$oid": "639975870694d2eb3f3f163b"
  },
  "biensoxe": "43B3434",
  "iduser": {
    "$oid": "637263970e79c57e2954e9ac"
  },
  "tiencuoc": 300,
  "lotrinh": "0",
  "ngaynhap": {
    "$date": {
      "$numberLong": "1671001524632"
    }
  },
  "noidungdonhang": "Nội dung đơn hàng",
  "diadiembochang": "Địa điểm bóc hàng",
  "hinhthucthanhtoan": 2,
  "ghichu": null,
  "trangthai": 0,
  "createdAt": {
    "$date": {
      "$numberLong": "1671001524633"
    }
  },
  "updatedAt": {
    "$date": {
      "$numberLong": "1671001524633"
    }
  },
  "__v": 0
},{
  "_id": {
    "$oid": "63a8f6f11489e0e2ec175926"
  },
  "idchuyen": {
    "$oid": "63a8f6b61489e0e2ec175906"
  },
  "biensoxe": "43B11231",
  "iduser": {
    "$oid": "637ed12455e0ca1071a48021"
  },
  "tiencuoc": 2400,
  "lotrinh": "0",
  "ngaynhap": {
    "$date": {
      "$numberLong": "1672017649781"
    }
  },
  "noidungdonhang": "Nội dung đơn hàng",
  "diadiembochang": "Địa điểm bóc hàng",
  "hinhthucthanhtoan": 2,
  "ghichu": null,
  "trangthai": 0,
  "createdAt": {
    "$date": {
      "$numberLong": "1672017649782"
    }
  },
  "updatedAt": {
    "$date": {
      "$numberLong": "1672017649782"
    }
  },
  "__v": 0
},{
  "_id": {
    "$oid": "63a8f7031489e0e2ec17592d"
  },
  "idchuyen": {
    "$oid": "63a8f6b61489e0e2ec175906"
  },
  "biensoxe": "43B11231",
  "iduser": {
    "$oid": "637ed12455e0ca1071a48021"
  },
  "tiencuoc": 1100,
  "lotrinh": "0",
  "ngaynhap": {
    "$date": {
      "$numberLong": "1672017667825"
    }
  },
  "noidungdonhang": "Nội dung đơn hàng",
  "diadiembochang": "Địa điểm bóc hàng",
  "hinhthucthanhtoan": 2,
  "ghichu": null,
  "trangthai": 0,
  "createdAt": {
    "$date": {
      "$numberLong": "1672017667827"
    }
  },
  "updatedAt": {
    "$date": {
      "$numberLong": "1672017667827"
    }
  },
  "__v": 0
},{
  "_id": {
    "$oid": "63a901b0e83b4ef3908071a3"
  },
  "idchuyen": {
    "$oid": "63a9018fe83b4ef390807185"
  },
  "biensoxe": "43A123123",
  "iduser": {
    "$oid": "637ed12455e0ca1071a48021"
  },
  "tiencuoc": 1300,
  "lotrinh": "0",
  "ngaynhap": {
    "$date": {
      "$numberLong": "1672020400160"
    }
  },
  "noidungdonhang": "Nội dung đơn hàng",
  "diadiembochang": "Địa điểm bóc hàng",
  "hinhthucthanhtoan": 2,
  "ghichu": null,
  "trangthai": 0,
  "createdAt": {
    "$date": {
      "$numberLong": "1672020400161"
    }
  },
  "updatedAt": {
    "$date": {
      "$numberLong": "1672020400161"
    }
  },
  "__v": 0
},{
  "_id": {
    "$oid": "63a901c0e83b4ef3908071aa"
  },
  "idchuyen": {
    "$oid": "63a9018fe83b4ef390807185"
  },
  "biensoxe": "43A123123",
  "iduser": {
    "$oid": "637ed12455e0ca1071a48021"
  },
  "tiencuoc": 1200,
  "lotrinh": "0",
  "ngaynhap": {
    "$date": {
      "$numberLong": "1672020416976"
    }
  },
  "noidungdonhang": "Nội dung đơn hàng",
  "diadiembochang": "Địa điểm bóc hàng",
  "hinhthucthanhtoan": 2,
  "ghichu": null,
  "trangthai": 0,
  "createdAt": {
    "$date": {
      "$numberLong": "1672020416977"
    }
  },
  "updatedAt": {
    "$date": {
      "$numberLong": "1672020416977"
    }
  },
  "__v": 0
},{
  "_id": {
    "$oid": "63a901cfe83b4ef3908071b1"
  },
  "idchuyen": {
    "$oid": "63a9018fe83b4ef390807185"
  },
  "biensoxe": "43A123123",
  "iduser": {
    "$oid": "637ed12455e0ca1071a48021"
  },
  "tiencuoc": 600,
  "lotrinh": "0",
  "ngaynhap": {
    "$date": {
      "$numberLong": "1672020431359"
    }
  },
  "noidungdonhang": "Nội dung đơn hàng",
  "diadiembochang": "Địa điểm bóc hàng",
  "hinhthucthanhtoan": 2,
  "ghichu": null,
  "trangthai": 0,
  "createdAt": {
    "$date": {
      "$numberLong": "1672020431360"
    }
  },
  "updatedAt": {
    "$date": {
      "$numberLong": "1672020431360"
    }
  },
  "__v": 0
},{
  "_id": {
    "$oid": "63a90609e83b4ef39080738d"
  },
  "idchuyen": {
    "$oid": "63a905c2e83b4ef390807371"
  },
  "biensoxe": "43B3434",
  "iduser": {
    "$oid": "637ed12455e0ca1071a48021"
  },
  "tiencuoc": 1500,
  "lotrinh": "0",
  "ngaynhap": {
    "$date": {
      "$numberLong": "1672021513256"
    }
  },
  "noidungdonhang": "Nội dung đơn hàng",
  "diadiembochang": "Địa điểm bóc hàng",
  "hinhthucthanhtoan": 2,
  "ghichu": null,
  "trangthai": 0,
  "createdAt": {
    "$date": {
      "$numberLong": "1672021513257"
    }
  },
  "updatedAt": {
    "$date": {
      "$numberLong": "1672021513257"
    }
  },
  "__v": 0
},{
  "_id": {
    "$oid": "63a90615e83b4ef390807394"
  },
  "idchuyen": {
    "$oid": "63a905c2e83b4ef390807371"
  },
  "biensoxe": "43B3434",
  "iduser": {
    "$oid": "637ed12455e0ca1071a48021"
  },
  "tiencuoc": 1000,
  "lotrinh": "0",
  "ngaynhap": {
    "$date": {
      "$numberLong": "1672021525387"
    }
  },
  "noidungdonhang": "Nội dung đơn hàng",
  "diadiembochang": "Địa điểm bóc hàng",
  "hinhthucthanhtoan": 2,
  "ghichu": null,
  "trangthai": 0,
  "createdAt": {
    "$date": {
      "$numberLong": "1672021525388"
    }
  },
  "updatedAt": {
    "$date": {
      "$numberLong": "1672021711776"
    }
  },
  "__v": 0
},{
  "_id": {
    "$oid": "63a9101f77ffca0b15f3d3ce"
  },
  "idchuyen": {
    "$oid": "63a90fdc77ffca0b15f3d38a"
  },
  "biensoxe": "43A123123",
  "iduser": {
    "$oid": "637ed12455e0ca1071a48021"
  },
  "tiencuoc": 2000,
  "lotrinh": "0",
  "ngaynhap": {
    "$date": {
      "$numberLong": "1672024095809"
    }
  },
  "noidungdonhang": "Nội dung đơn hàng",
  "diadiembochang": "Địa điểm bóc hàng",
  "hinhthucthanhtoan": 2,
  "ghichu": null,
  "trangthai": 0,
  "createdAt": {
    "$date": {
      "$numberLong": "1672024095810"
    }
  },
  "updatedAt": {
    "$date": {
      "$numberLong": "1672024095810"
    }
  },
  "__v": 0
},{
  "_id": {
    "$oid": "63a9102e77ffca0b15f3d3d5"
  },
  "idchuyen": {
    "$oid": "63a90fdc77ffca0b15f3d38a"
  },
  "biensoxe": "43A123123",
  "iduser": {
    "$oid": "637ed12455e0ca1071a48021"
  },
  "tiencuoc": 900,
  "lotrinh": "0",
  "ngaynhap": {
    "$date": {
      "$numberLong": "1672024110558"
    }
  },
  "noidungdonhang": "Nội dung đơn hàng",
  "diadiembochang": "Địa điểm bóc hàng",
  "hinhthucthanhtoan": 2,
  "ghichu": null,
  "trangthai": 0,
  "createdAt": {
    "$date": {
      "$numberLong": "1672024110559"
    }
  },
  "updatedAt": {
    "$date": {
      "$numberLong": "1672024148920"
    }
  },
  "__v": 0
},{
  "_id": {
    "$oid": "63a9143677ffca0b15f3d579"
  },
  "idchuyen": {
    "$oid": "63a9141077ffca0b15f3d559"
  },
  "biensoxe": "43B3434",
  "iduser": {
    "$oid": "637ed12455e0ca1071a48021"
  },
  "tiencuoc": 1000,
  "lotrinh": "0",
  "ngaynhap": {
    "$date": {
      "$numberLong": "1672025142399"
    }
  },
  "noidungdonhang": "Nội dung đơn hàng",
  "diadiembochang": "Địa điểm bóc hàng",
  "hinhthucthanhtoan": 2,
  "ghichu": null,
  "trangthai": 0,
  "createdAt": {
    "$date": {
      "$numberLong": "1672025142400"
    }
  },
  "updatedAt": {
    "$date": {
      "$numberLong": "1672025142400"
    }
  },
  "__v": 0
},{
  "_id": {
    "$oid": "63a9144777ffca0b15f3d580"
  },
  "idchuyen": {
    "$oid": "63a9141077ffca0b15f3d559"
  },
  "biensoxe": "43B3434",
  "iduser": {
    "$oid": "637ed12455e0ca1071a48021"
  },
  "tiencuoc": 1400,
  "lotrinh": "0",
  "ngaynhap": {
    "$date": {
      "$numberLong": "1672025159810"
    }
  },
  "noidungdonhang": "Nội dung đơn hàng",
  "diadiembochang": "Địa điểm bóc hàng",
  "hinhthucthanhtoan": 2,
  "ghichu": null,
  "trangthai": 0,
  "createdAt": {
    "$date": {
      "$numberLong": "1672025159811"
    }
  },
  "updatedAt": {
    "$date": {
      "$numberLong": "1672025159811"
    }
  },
  "__v": 0
},{
  "_id": {
    "$oid": "63a9146e77ffca0b15f3d5a8"
  },
  "idchuyen": {
    "$oid": "63a9141077ffca0b15f3d559"
  },
  "biensoxe": "43B3434",
  "iduser": {
    "$oid": "637ed12455e0ca1071a48021"
  },
  "tiencuoc": 500,
  "lotrinh": "0",
  "ngaynhap": {
    "$date": {
      "$numberLong": "1672025198288"
    }
  },
  "noidungdonhang": "Nội dung đơn hàng",
  "diadiembochang": "Địa điểm bóc hàng",
  "hinhthucthanhtoan": 2,
  "ghichu": null,
  "trangthai": 0,
  "createdAt": {
    "$date": {
      "$numberLong": "1672025198288"
    }
  },
  "updatedAt": {
    "$date": {
      "$numberLong": "1672025209606"
    }
  },
  "__v": 0
},{
  "_id": {
    "$oid": "63a94aa577ffca0b15f3e57e"
  },
  "idchuyen": {
    "$oid": "63a94a8477ffca0b15f3e55e"
  },
  "biensoxe": "43B3434",
  "iduser": {
    "$oid": "637ed12455e0ca1071a48021"
  },
  "tiencuoc": 700,
  "lotrinh": "0",
  "ngaynhap": {
    "$date": {
      "$numberLong": "1672039077565"
    }
  },
  "noidungdonhang": "Nội dung đơn hàng",
  "diadiembochang": "Địa điểm bóc hàng",
  "hinhthucthanhtoan": 2,
  "ghichu": null,
  "trangthai": 0,
  "createdAt": {
    "$date": {
      "$numberLong": "1672039077566"
    }
  },
  "updatedAt": {
    "$date": {
      "$numberLong": "1672039102417"
    }
  },
  "__v": 0
},{
  "_id": {
    "$oid": "63a94b1177ffca0b15f3e594"
  },
  "idchuyen": {
    "$oid": "63a94a8477ffca0b15f3e55e"
  },
  "biensoxe": "43B3434",
  "iduser": {
    "$oid": "63a9479377ffca0b15f3e4c3"
  },
  "tiencuoc": 300,
  "lotrinh": "0",
  "ngaynhap": {
    "$date": {
      "$numberLong": "1672039185636"
    }
  },
  "noidungdonhang": "Nội dung đơn hàng",
  "diadiembochang": "Địa điểm bóc hàng",
  "hinhthucthanhtoan": 3,
  "ghichu": null,
  "trangthai": 0,
  "createdAt": {
    "$date": {
      "$numberLong": "1672039185636"
    }
  },
  "updatedAt": {
    "$date": {
      "$numberLong": "1672042393534"
    }
  },
  "__v": 0
},{
  "_id": {
    "$oid": "63a957ea77ffca0b15f3e9b7"
  },
  "idchuyen": {
    "$oid": "63a94a8477ffca0b15f3e55e"
  },
  "biensoxe": "43B3434",
  "iduser": {
    "$oid": "637263970e79c57e2954e9ac"
  },
  "tiencuoc": 400,
  "lotrinh": "1",
  "ngaynhap": {
    "$date": {
      "$numberLong": "1672042474154"
    }
  },
  "noidungdonhang": "Nội dung đơn hàng",
  "diadiembochang": "Địa điểm bóc hàng",
  "hinhthucthanhtoan": 1,
  "ghichu": null,
  "trangthai": 0,
  "createdAt": {
    "$date": {
      "$numberLong": "1672042474154"
    }
  },
  "updatedAt": {
    "$date": {
      "$numberLong": "1672042474154"
    }
  },
  "__v": 0
}]