[{
  "_id": {
    "$oid": "6331b3ce65e0507984482ba7"
  },
  "rolename": "Admin",
  "mota": "Role Admin",
  "dacquyen": [
    {
      "$oid": "632aaa31c8093b9a2007d155"
    },
    {
      "$oid": "632aaa31c8093b9a2007d14b"
    },
    {
      "$oid": "632aaa31c8093b9a2007d194"
    },
    {
      "$oid": "632aaa31c8093b9a2007d145"
    },
    {
      "$oid": "632aaa31c8093b9a2007d158"
    },
    {
      "$oid": "632aaa31c8093b9a2007d164"
    },
    {
      "$oid": "632aaa31c8093b9a2007d177"
    },
    {
      "$oid": "632aaa31c8093b9a2007d169"
    },
    {
      "$oid": "632aaa31c8093b9a2007d14c"
    },
    {
      "$oid": "632aaa31c8093b9a2007d171"
    },
    {
      "$oid": "632aaa31c8093b9a2007d17d"
    },
    {
      "$oid": "632aaa31c8093b9a2007d184"
    },
    {
      "$oid": "632aaa31c8093b9a2007d17f"
    },
    {
      "$oid": "632aaa31c8093b9a2007d14a"
    },
    {
      "$oid": "632aaa31c8093b9a2007d16f"
    },
    {
      "$oid": "632aaa31c8093b9a2007d17b"
    },
    {
      "$oid": "632aaa31c8093b9a2007d183"
    },
    {
      "$oid": "632aaa31c8093b9a2007d18a"
    },
    {
      "$oid": "632aaa31c8093b9a2007d148"
    },
    {
      "$oid": "632aaa31c8093b9a2007d16d"
    },
    {
      "$oid": "632aaa31c8093b9a2007d179"
    },
    {
      "$oid": "632aaa31c8093b9a2007d186"
    },
    {
      "$oid": "63343f59a5ada435bef9f4d6"
    },
    {
      "$oid": "63344034a5ada435bef9f4dc"
    },
    {
      "$oid": "63344067a5ada435bef9f4df"
    },
    {
      "$oid": "63344084a5ada435bef9f4e2"
    },
    {
      "$oid": "6342463f334471db6e1b9a03"
    },
    {
      "$oid": "634246a2334471db6e1b9a06"
    },
    {
      "$oid": "634246d2334471db6e1b9a09"
    },
    {
      "$oid": "63424715334471db6e1b9a0d"
    },
    {
      "$oid": "63665c0fc47bcbeca3aaa3a9"
    },
    {
      "$oid": "63665d3cc47bcbeca3aaa3af"
    },
    {
      "$oid": "636f1898dead435a9501b48d"
    },
    {
      "$oid": "636f18c9dead435a9501b490"
    },
    {
      "$oid": "636f18ebdead435a9501b493"
    },
    {
      "$oid": "637d85aa590b5e09fa21d7a1"
    },
    {
      "$oid": "637d85d6590b5e09fa21d7a4"
    },
    {
      "$oid": "637f0efa21ff8a14066f470b"
    },
    {
      "$oid": "637f0f1821ff8a14066f470e"
    },
    {
      "$oid": "63667678c47bcbeca3aaa3b2"
    },
    {
      "$oid": "6370baf88b589a1b2d827eaf"
    },
    {
      "$oid": "6370bb368b589a1b2d827eb3"
    },
    {
      "$oid": "6370bb6e8b589a1b2d827eb6"
    },
    {
      "$oid": "6370bb918b589a1b2d827eb9"
    },
    {
      "$oid": "6370c6438b589a1b2d827f0d"
    },
    {
      "$oid": "63738a0b7460af9e6bd1587d"
    },
    {
      "$oid": "637da14589c25399780b2125"
    },
    {
      "$oid": "637da15989c25399780b2128"
    },
    {
      "$oid": "6367639cfb26bc4c852e553d"
    },
    {
      "$oid": "63676441fb26bc4c852e5543"
    },
    {
      "$oid": "6381ba704b188b9df7078c02"
    },
    {
      "$oid": "638357602d76fb92d1ddab09"
    },
    {
      "$oid": "63835eba2d76fb92d1ddab49"
    },
    {
      "$oid": "638956630872fd73db020396"
    },
    {
      "$oid": "638956850872fd73db020399"
    },
    {
      "$oid": "638956b20872fd73db02039c"
    },
    {
      "$oid": "6389c1b2c1cdafba741e5502"
    }
  ],
  "createdAt": {
    "$date": {
      "$numberLong": "1664201678214"
    }
  },
  "updatedAt": {
    "$date": {
      "$numberLong": "1670427758851"
    }
  },
  "__v": 0
},{
  "_id": {
    "$oid": "6331b3ce65e0507984482ba9"
  },
  "rolename": "Dev",
  "mota": "Role Dev",
  "dacquyen": [
    {
      "$oid": "632aaa31c8093b9a2007d143"
    },
    {
      "$oid": "632aaa31c8093b9a2007d144"
    },
    {
      "$oid": "632aaa31c8093b9a2007d146"
    },
    {
      "$oid": "632aaa31c8093b9a2007d145"
    },
    {
      "$oid": "632aaa31c8093b9a2007d147"
    },
    {
      "$oid": "632aaa31c8093b9a2007d148"
    },
    {
      "$oid": "632aaa31c8093b9a2007d149"
    },
    {
      "$oid": "632aaa31c8093b9a2007d14a"
    },
    {
      "$oid": "632aaa31c8093b9a2007d14b"
    },
    {
      "$oid": "632aaa31c8093b9a2007d14c"
    },
    {
      "$oid": "632aaa31c8093b9a2007d14d"
    },
    {
      "$oid": "632aaa31c8093b9a2007d142"
    },
    {
      "$oid": "632aaa31c8093b9a2007d150"
    },
    {
      "$oid": "632aaa31c8093b9a2007d141"
    },
    {
      "$oid": "632aaa31c8093b9a2007d151"
    },
    {
      "$oid": "632aaa31c8093b9a2007d153"
    },
    {
      "$oid": "632aaa31c8093b9a2007d156"
    },
    {
      "$oid": "632aaa31c8093b9a2007d155"
    },
    {
      "$oid": "632aaa31c8093b9a2007d152"
    },
    {
      "$oid": "632aaa31c8093b9a2007d154"
    },
    {
      "$oid": "632aaa31c8093b9a2007d158"
    },
    {
      "$oid": "632aaa31c8093b9a2007d157"
    },
    {
      "$oid": "632aaa31c8093b9a2007d159"
    },
    {
      "$oid": "632aaa31c8093b9a2007d15a"
    },
    {
      "$oid": "632aaa31c8093b9a2007d15b"
    },
    {
      "$oid": "632aaa31c8093b9a2007d15c"
    },
    {
      "$oid": "632aaa31c8093b9a2007d15d"
    },
    {
      "$oid": "632aaa31c8093b9a2007d15f"
    },
    {
      "$oid": "632aaa31c8093b9a2007d15e"
    },
    {
      "$oid": "632aaa31c8093b9a2007d160"
    },
    {
      "$oid": "632aaa31c8093b9a2007d161"
    },
    {
      "$oid": "632aaa31c8093b9a2007d162"
    },
    {
      "$oid": "632aaa31c8093b9a2007d163"
    },
    {
      "$oid": "632aaa31c8093b9a2007d164"
    },
    {
      "$oid": "632aaa31c8093b9a2007d166"
    },
    {
      "$oid": "632aaa31c8093b9a2007d14e"
    },
    {
      "$oid": "632aaa31c8093b9a2007d14f"
    },
    {
      "$oid": "632aaa31c8093b9a2007d169"
    },
    {
      "$oid": "632aaa31c8093b9a2007d168"
    },
    {
      "$oid": "632aaa31c8093b9a2007d16b"
    },
    {
      "$oid": "632aaa31c8093b9a2007d16a"
    },
    {
      "$oid": "632aaa31c8093b9a2007d16c"
    },
    {
      "$oid": "632aaa31c8093b9a2007d16d"
    },
    {
      "$oid": "632aaa31c8093b9a2007d16e"
    },
    {
      "$oid": "632aaa31c8093b9a2007d16f"
    },
    {
      "$oid": "632aaa31c8093b9a2007d170"
    },
    {
      "$oid": "632aaa31c8093b9a2007d171"
    },
    {
      "$oid": "632aaa31c8093b9a2007d172"
    },
    {
      "$oid": "632aaa31c8093b9a2007d173"
    },
    {
      "$oid": "632aaa31c8093b9a2007d174"
    },
    {
      "$oid": "632aaa31c8093b9a2007d175"
    },
    {
      "$oid": "632aaa31c8093b9a2007d176"
    },
    {
      "$oid": "632aaa31c8093b9a2007d177"
    },
    {
      "$oid": "632aaa31c8093b9a2007d179"
    },
    {
      "$oid": "632aaa31c8093b9a2007d17a"
    },
    {
      "$oid": "632aaa31c8093b9a2007d178"
    },
    {
      "$oid": "632aaa31c8093b9a2007d17b"
    },
    {
      "$oid": "632aaa31c8093b9a2007d17c"
    },
    {
      "$oid": "632aaa31c8093b9a2007d17d"
    },
    {
      "$oid": "632aaa31c8093b9a2007d180"
    },
    {
      "$oid": "632aaa31c8093b9a2007d17f"
    },
    {
      "$oid": "632aaa31c8093b9a2007d182"
    },
    {
      "$oid": "632aaa31c8093b9a2007d181"
    },
    {
      "$oid": "632aaa31c8093b9a2007d183"
    },
    {
      "$oid": "632aaa31c8093b9a2007d184"
    },
    {
      "$oid": "632aaa31c8093b9a2007d165"
    },
    {
      "$oid": "632aaa31c8093b9a2007d186"
    },
    {
      "$oid": "632aaa31c8093b9a2007d167"
    },
    {
      "$oid": "632aaa31c8093b9a2007d187"
    },
    {
      "$oid": "632aaa31c8093b9a2007d189"
    },
    {
      "$oid": "632aaa31c8093b9a2007d188"
    },
    {
      "$oid": "632aaa31c8093b9a2007d18a"
    },
    {
      "$oid": "632aaa31c8093b9a2007d18b"
    },
    {
      "$oid": "632aaa31c8093b9a2007d18d"
    },
    {
      "$oid": "632aaa31c8093b9a2007d18c"
    },
    {
      "$oid": "632aaa31c8093b9a2007d18e"
    },
    {
      "$oid": "632aaa31c8093b9a2007d18f"
    },
    {
      "$oid": "632aaa31c8093b9a2007d191"
    },
    {
      "$oid": "632aaa31c8093b9a2007d190"
    },
    {
      "$oid": "632aaa31c8093b9a2007d194"
    },
    {
      "$oid": "632aaa31c8093b9a2007d193"
    },
    {
      "$oid": "632aaa31c8093b9a2007d192"
    },
    {
      "$oid": "632aaa31c8093b9a2007d195"
    },
    {
      "$oid": "632aaa31c8093b9a2007d196"
    },
    {
      "$oid": "632aaa31c8093b9a2007d197"
    },
    {
      "$oid": "632aaa31c8093b9a2007d198"
    },
    {
      "$oid": "632aaa31c8093b9a2007d199"
    },
    {
      "$oid": "632aaa31c8093b9a2007d19a"
    },
    {
      "$oid": "632aaa31c8093b9a2007d19b"
    },
    {
      "$oid": "632aaa31c8093b9a2007d19c"
    },
    {
      "$oid": "632aaa31c8093b9a2007d19e"
    },
    {
      "$oid": "632aaa31c8093b9a2007d19d"
    },
    {
      "$oid": "632aaa31c8093b9a2007d19f"
    },
    {
      "$oid": "632aaa31c8093b9a2007d1a0"
    },
    {
      "$oid": "632aaa31c8093b9a2007d1a1"
    },
    {
      "$oid": "632aaa31c8093b9a2007d1a2"
    },
    {
      "$oid": "632aaa31c8093b9a2007d1a3"
    },
    {
      "$oid": "632aaa31c8093b9a2007d1a5"
    },
    {
      "$oid": "632aaa31c8093b9a2007d1a6"
    },
    {
      "$oid": "632aaa31c8093b9a2007d1a9"
    },
    {
      "$oid": "632aaa31c8093b9a2007d1a8"
    },
    {
      "$oid": "632aaa31c8093b9a2007d1a7"
    },
    {
      "$oid": "632aaa31c8093b9a2007d17e"
    },
    {
      "$oid": "632aaa31c8093b9a2007d185"
    },
    {
      "$oid": "632aaa31c8093b9a2007d1ab"
    },
    {
      "$oid": "632aaa31c8093b9a2007d1a4"
    },
    {
      "$oid": "632aaa31c8093b9a2007d1aa"
    },
    {
      "$oid": "6333e539021398275a67d83d"
    }
  ],
  "createdAt": {
    "$date": {
      "$numberLong": "1664201678215"
    }
  },
  "updatedAt": {
    "$date": {
      "$numberLong": "1664350631305"
    }
  },
  "__v": 0
},{
  "_id": {
    "$oid": "6331b3ce65e0507984482ba8"
  },
  "rolename": "User",
  "mota": "Role User",
  "dacquyen": [
    {
      "$oid": "632aaa31c8093b9a2007d155"
    },
    {
      "$oid": "632aaa31c8093b9a2007d14b"
    },
    {
      "$oid": "632aaa31c8093b9a2007d170"
    },
    {
      "$oid": "632aaa31c8093b9a2007d17c"
    }
  ],
  "createdAt": {
    "$date": {
      "$numberLong": "1664201678215"
    }
  },
  "updatedAt": {
    "$date": {
      "$numberLong": "1664334600717"
    }
  },
  "__v": 0
},{
  "_id": {
    "$oid": "636da04254464cdda6477b0b"
  },
  "rolename": "admin",
  "mota": "role Admin",
  "dacquyen": [
    {
      "$oid": "632aaa31c8093b9a2007d155"
    },
    {
      "$oid": "632aaa31c8093b9a2007d14b"
    },
    {
      "$oid": "6333e539021398275a67d83d"
    },
    {
      "$oid": "632aaa31c8093b9a2007d15f"
    },
    {
      "$oid": "632aaa31c8093b9a2007d193"
    },
    {
      "$oid": "632aaa31c8093b9a2007d154"
    },
    {
      "$oid": "632aaa31c8093b9a2007d161"
    },
    {
      "$oid": "632aaa31c8093b9a2007d15b"
    },
    {
      "$oid": "632aaa31c8093b9a2007d176"
    },
    {
      "$oid": "632aaa31c8093b9a2007d167"
    },
    {
      "$oid": "632aaa31c8093b9a2007d18b"
    },
    {
      "$oid": "632aaa31c8093b9a2007d190"
    },
    {
      "$oid": "632aaa31c8093b9a2007d194"
    },
    {
      "$oid": "632aaa31c8093b9a2007d145"
    },
    {
      "$oid": "632aaa31c8093b9a2007d158"
    },
    {
      "$oid": "632aaa31c8093b9a2007d164"
    },
    {
      "$oid": "632aaa31c8093b9a2007d18a"
    },
    {
      "$oid": "632aaa31c8093b9a2007d148"
    },
    {
      "$oid": "632aaa31c8093b9a2007d16d"
    },
    {
      "$oid": "632aaa31c8093b9a2007d186"
    },
    {
      "$oid": "6342463f334471db6e1b9a03"
    },
    {
      "$oid": "634246a2334471db6e1b9a06"
    },
    {
      "$oid": "634246d2334471db6e1b9a09"
    },
    {
      "$oid": "63424715334471db6e1b9a0d"
    },
    {
      "$oid": "63665c0fc47bcbeca3aaa3a9"
    },
    {
      "$oid": "63665d3cc47bcbeca3aaa3af"
    },
    {
      "$oid": "636f1898dead435a9501b48d"
    },
    {
      "$oid": "636f18c9dead435a9501b490"
    },
    {
      "$oid": "636f18ebdead435a9501b493"
    },
    {
      "$oid": "637d85aa590b5e09fa21d7a1"
    },
    {
      "$oid": "637d85d6590b5e09fa21d7a4"
    },
    {
      "$oid": "637f0efa21ff8a14066f470b"
    },
    {
      "$oid": "637f0f1821ff8a14066f470e"
    },
    {
      "$oid": "63667678c47bcbeca3aaa3b2"
    },
    {
      "$oid": "6370baf88b589a1b2d827eaf"
    },
    {
      "$oid": "6370bb368b589a1b2d827eb3"
    },
    {
      "$oid": "6370bb6e8b589a1b2d827eb6"
    },
    {
      "$oid": "6370bb918b589a1b2d827eb9"
    },
    {
      "$oid": "6370c6438b589a1b2d827f0d"
    },
    {
      "$oid": "63738a0b7460af9e6bd1587d"
    },
    {
      "$oid": "637da14589c25399780b2125"
    },
    {
      "$oid": "637da15989c25399780b2128"
    },
    {
      "$oid": "6367639cfb26bc4c852e553d"
    },
    {
      "$oid": "63676441fb26bc4c852e5543"
    },
    {
      "$oid": "6381ba704b188b9df7078c02"
    },
    {
      "$oid": "638357602d76fb92d1ddab09"
    },
    {
      "$oid": "63835eba2d76fb92d1ddab49"
    },
    {
      "$oid": "638956630872fd73db020396"
    },
    {
      "$oid": "638956850872fd73db020399"
    },
    {
      "$oid": "638956b20872fd73db02039c"
    },
    {
      "$oid": "6389c1b2c1cdafba741e5502"
    }
  ],
  "createdAt": {
    "$date": {
      "$numberLong": "1668128834290"
    }
  },
  "updatedAt": {
    "$date": {
      "$numberLong": "1672106586391"
    }
  },
  "__v": 0
}]