[{
  "_id": {
    "$oid": "6321fde5c26d4024dd312432"
  },
  "name": "nampham",
  "email": "namandroi.it@gmail.com",
  "password": "$2a$10$ZYJdvA6wQBgiwmNHNdR0eeDGwwEM3yFXzbb/gWRDJA85pYX6bE7C2",
  "role_id": [
    {
      "$oid": "6321f4aaa87e4e2fe4dd8818"
    },
    {
      "$oid": "6321f4aaa87e4e2fe4dd8817"
    },
    {
      "$oid": "6331b3ce65e0507984482ba8"
    }
  ],
  "account_id": [],
  "createdAt": {
    "$date": {
      "$numberLong": "1663172069563"
    }
  },
  "updatedAt": {
    "$date": {
      "$numberLong": "1667828982783"
    }
  },
  "__v": 0,
  "available": true,
  "dienthoai": "0901140464",
  "phongban_id": "632ebb3b7e9ad9aeef4e3d2d",
  "sex": 1,
  "zalo": "0901140464"
},{
  "_id": {
    "$oid": "6321fe53c26d4024dd312437"
  },
  "name": "Nam Phạm",
  "email": "namandroid.it@gmail.com",
  "password": "$2a$10$ANfh/JkYgNfb4z9056dg1uW/o2F7EVfrvnDbsIuRAWhAiIBcQJwJK",
  "role_id": [
    {
      "$oid": "6331b3ce65e0507984482ba7"
    }
  ],
  "account_id": [],
  "createdAt": {
    "$date": {
      "$numberLong": "1663172179932"
    }
  },
  "updatedAt": {
    "$date": {
      "$numberLong": "1664082932641"
    }
  },
  "__v": 0,
  "menulist": [
    {
      "_id": {
        "$oid": "632aaa31c8093b9a2007d143"
      },
      "id": 88,
      "menuName": "Tài liệu zorro",
      "code": "default:feat:frame:zorro-doc",
      "fatherId": {
        "$oid": "632aaa31c8093b9a2007d19e"
      },
      "orderNum": 1,
      "path": "/default/feat/frame/zorro-doc",
      "menuType": "C",
      "visible": true,
      "status": true,
      "icon": "dashboard",
      "alIcon": null,
      "newLinkFlag": false,
      "createdAt": {
        "$date": {
          "$numberLong": "1663740465912"
        }
      },
      "updatedAt": {
        "$date": {
          "$numberLong": "1663757128018"
        }
      },
      "__v": 0
    },
    {
      "_id": {
        "$oid": "632aaa31c8093b9a2007d144"
      },
      "id": 65,
      "menuName": "Trang thành công",
      "code": "default:page-demo:result:success",
      "fatherId": {
        "$oid": "632aaa31c8093b9a2007d188"
      },
      "orderNum": 1,
      "path": "/default/page-demo/result/success",
      "menuType": "C",
      "visible": true,
      "status": true,
      "icon": "check-circle",
      "alIcon": null,
      "newLinkFlag": false,
      "createdAt": {
        "$date": {
          "$numberLong": "1663740465912"
        }
      },
      "updatedAt": {
        "$date": {
          "$numberLong": "1663757128018"
        }
      },
      "__v": 0
    },
    {
      "_id": {
        "$oid": "632aaa31c8093b9a2007d146"
      },
      "id": 116,
      "menuName": "Menu1-1-1",
      "code": "default:level:menu1:menu1-1:menu1-1-1",
      "fatherId": {
        "$oid": "632aaa31c8093b9a2007d150"
      },
      "orderNum": 1,
      "path": "/default/level/menu1/menu1-1/menu1-1-1",
      "menuType": "C",
      "visible": true,
      "status": true,
      "icon": "",
      "alIcon": null,
      "newLinkFlag": false,
      "createdAt": {
        "$date": {
          "$numberLong": "1663740465912"
        }
      },
      "updatedAt": {
        "$date": {
          "$numberLong": "1663757128016"
        }
      },
      "__v": 0
    },
    {
      "_id": {
        "$oid": "632aaa31c8093b9a2007d145"
      },
      "id": 121,
      "menuName": "Quản lý tài khoản",
      "code": "default:system:account",
      "fatherId": {
        "$oid": "632aaa31c8093b9a2007d194"
      },
      "orderNum": 1,
      "path": "/default/system/account",
      "menuType": "C",
      "visible": true,
      "status": true,
      "icon": "menu",
      "alIcon": "",
      "newLinkFlag": false,
      "createdAt": {
        "$date": {
          "$numberLong": "1663740465912"
        }
      },
      "updatedAt": {
        "$date": {
          "$numberLong": "1663757128018"
        }
      },
      "__v": 0
    },
    {
      "_id": {
        "$oid": "632aaa31c8093b9a2007d147"
      },
      "id": 50,
      "menuName": "Danh sách tìm kiếm (Các bài báo)",
      "code": "default:page-demo:list:search-list:article",
      "fatherId": {
        "$oid": "632aaa31c8093b9a2007d151"
      },
      "orderNum": 1,
      "path": "/default/page-demo/list/search-list/article",
      "menuType": "C",
      "visible": true,
      "status": true,
      "icon": "table",
      "alIcon": null,
      "newLinkFlag": false,
      "createdAt": {
        "$date": {
          "$numberLong": "1663740465912"
        }
      },
      "updatedAt": {
        "$date": {
          "$numberLong": "1663757128017"
        }
      },
      "__v": 0
    },
    {
      "_id": {
        "$oid": "632aaa31c8093b9a2007d148"
      },
      "id": 130,
      "menuName": "Quản lý bộ phận đã thêm",
      "code": "default:system:dept:add",
      "fatherId": {
        "$oid": "632aaa31c8093b9a2007d18a"
      },
      "orderNum": 1,
      "path": "",
      "menuType": "F",
      "visible": false,
      "status": true,
      "icon": null,
      "alIcon": null,
      "newLinkFlag": false,
      "createdAt": {
        "$date": {
          "$numberLong": "1663740465912"
        }
      },
      "updatedAt": {
        "$date": {
          "$numberLong": "1663757128018"
        }
      },
      "__v": 0
    },
    {
      "_id": {
        "$oid": "632aaa31c8093b9a2007d149"
      },
      "id": 45,
      "menuName": "Hình thức cơ bản",
      "code": "default:page-demo:form:base-form",
      "fatherId": {
        "$oid": "632aaa31c8093b9a2007d153"
      },
      "orderNum": 1,
      "path": "/default/page-demo/form/base-form",
      "menuType": "C",
      "visible": true,
      "status": true,
      "icon": "form",
      "alIcon": null,
      "newLinkFlag": false,
      "createdAt": {
        "$date": {
          "$numberLong": "1663740465912"
        }
      },
      "updatedAt": {
        "$date": {
          "$numberLong": "1663757128017"
        }
      },
      "__v": 0
    },
    {
      "_id": {
        "$oid": "632aaa31c8093b9a2007d14a"
      },
      "id": 126,
      "menuName": "Quản lý menu đã được thêm vào",
      "code": "default:system:menu:add",
      "fatherId": {
        "$oid": "632aaa31c8093b9a2007d17f"
      },
      "orderNum": 1,
      "path": null,
      "menuType": "F",
      "visible": true,
      "status": true,
      "icon": null,
      "alIcon": null,
      "newLinkFlag": false,
      "createdAt": {
        "$date": {
          "$numberLong": "1663740465912"
        }
      },
      "updatedAt": {
        "$date": {
          "$numberLong": "1663757128018"
        }
      },
      "__v": 0
    },
    {
      "_id": {
        "$oid": "632aaa31c8093b9a2007d14b"
      },
      "id": 40,
      "menuName": "Trang phân tích",
      "code": "default:dashboard:analysis",
      "fatherId": {
        "$oid": "632aaa31c8093b9a2007d155"
      },
      "orderNum": 1,
      "path": "/default/dashboard/analysis",
      "menuType": "C",
      "visible": true,
      "status": true,
      "icon": "fund",
      "alIcon": "",
      "newLinkFlag": false,
      "createdAt": {
        "$date": {
          "$numberLong": "1663740465912"
        }
      },
      "updatedAt": {
        "$date": {
          "$numberLong": "1663757128017"
        }
      },
      "__v": 0
    },
    {
      "_id": {
        "$oid": "632aaa31c8093b9a2007d14c"
      },
      "id": 137,
      "menuName": "Quản lý vai trò mới",
      "code": "default:system:role-manager:add",
      "fatherId": {
        "$oid": "632aaa31c8093b9a2007d169"
      },
      "orderNum": 1,
      "path": "",
      "menuType": "F",
      "visible": false,
      "status": true,
      "icon": null,
      "alIcon": null,
      "newLinkFlag": false,
      "createdAt": {
        "$date": {
          "$numberLong": "1663740465912"
        }
      },
      "updatedAt": {
        "$date": {
          "$numberLong": "1663757128018"
        }
      },
      "__v": 0
    },
    {
      "_id": {
        "$oid": "632aaa31c8093b9a2007d14d"
      },
      "id": 105,
      "menuName": "Thành phần cơ bản",
      "code": "default:comp:basic",
      "fatherId": {
        "$oid": "632aaa31c8093b9a2007d18c"
      },
      "orderNum": 1,
      "path": "/default/comp/basic",
      "menuType": "C",
      "visible": true,
      "status": true,
      "icon": "dashboard",
      "alIcon": null,
      "newLinkFlag": false,
      "createdAt": {
        "$date": {
          "$numberLong": "1663740465912"
        }
      },
      "updatedAt": {
        "$date": {
          "$numberLong": "1663757128018"
        }
      },
      "__v": 0
    },
    {
      "_id": {
        "$oid": "632aaa31c8093b9a2007d142"
      },
      "id": 98,
      "menuName": "Người đầu tiên",
      "code": "blank:other-login:login1",
      "fatherId": {
        "$oid": "632aaa31c8093b9a2007d1a1"
      },
      "orderNum": 1,
      "path": "/blank/other-login/login1",
      "menuType": "C",
      "visible": true,
      "status": true,
      "icon": "highlight",
      "alIcon": null,
      "newLinkFlag": false,
      "createdAt": {
        "$date": {
          "$numberLong": "1663740465912"
        }
      },
      "updatedAt": {
        "$date": {
          "$numberLong": "1663757128019"
        }
      },
      "__v": 0
    },
    {
      "_id": {
        "$oid": "632aaa31c8093b9a2007d150"
      },
      "id": 115,
      "menuName": "Menu1-1",
      "code": "default:level:menu1:menu1-1",
      "fatherId": {
        "$oid": "632aaa31c8093b9a2007d141"
      },
      "orderNum": 1,
      "path": "/default/level/menu1/menu1-1",
      "menuType": "C",
      "visible": true,
      "status": true,
      "icon": "",
      "alIcon": null,
      "newLinkFlag": false,
      "createdAt": {
        "$date": {
          "$numberLong": "1663740465912"
        }
      },
      "updatedAt": {
        "$date": {
          "$numberLong": "1663757128016"
        }
      },
      "__v": 0
    },
    {
      "_id": {
        "$oid": "632aaa31c8093b9a2007d141"
      },
      "id": 114,
      "menuName": "Menu1",
      "code": "default:level:menu1",
      "fatherId": {
        "$oid": "632aaa31c8093b9a2007d192"
      },
      "orderNum": 1,
      "path": "/default/level/menu1",
      "menuType": "C",
      "visible": true,
      "status": true,
      "icon": "menu",
      "alIcon": null,
      "newLinkFlag": false,
      "createdAt": {
        "$date": {
          "$numberLong": "1663740465911"
        }
      },
      "updatedAt": {
        "$date": {
          "$numberLong": "1663757128018"
        }
      },
      "__v": 0
    },
    {
      "_id": {
        "$oid": "632aaa31c8093b9a2007d151"
      },
      "id": 49,
      "menuName": "Danh sách tìm kiếm",
      "code": "default:page-demo:list:search-list",
      "fatherId": {
        "$oid": "632aaa31c8093b9a2007d15e"
      },
      "orderNum": 1,
      "path": "/default/page-demo/list/search-list",
      "menuType": "C",
      "visible": true,
      "status": true,
      "icon": "",
      "alIcon": null,
      "newLinkFlag": false,
      "createdAt": {
        "$date": {
          "$numberLong": "1663740465912"
        }
      },
      "updatedAt": {
        "$date": {
          "$numberLong": "1663757128018"
        }
      },
      "__v": 0
    },
    {
      "_id": {
        "$oid": "632aaa31c8093b9a2007d153"
      },
      "id": 44,
      "menuName": "Trang biểu mẫu",
      "code": "default:page-demo:form",
      "fatherId": {
        "$oid": "632aaa31c8093b9a2007d15f"
      },
      "orderNum": 1,
      "path": "/default/page-demo/form",
      "menuType": "C",
      "visible": true,
      "status": true,
      "icon": "form",
      "alIcon": null,
      "newLinkFlag": false,
      "createdAt": {
        "$date": {
          "$numberLong": "1663740465912"
        }
      },
      "updatedAt": {
        "$date": {
          "$numberLong": "1663757128017"
        }
      },
      "__v": 0
    },
    {
      "_id": {
        "$oid": "632aaa31c8093b9a2007d156"
      },
      "id": 94,
      "menuName": "Vàng",
      "code": "default:feat:charts:gaode-map",
      "fatherId": {
        "$oid": "632aaa31c8093b9a2007d1a0"
      },
      "orderNum": 1,
      "path": "/default/feat/charts/gaode-map",
      "menuType": "C",
      "visible": true,
      "status": true,
      "icon": "highlight",
      "alIcon": null,
      "newLinkFlag": false,
      "createdAt": {
        "$date": {
          "$numberLong": "1663740465912"
        }
      },
      "updatedAt": {
        "$date": {
          "$numberLong": "1663757128019"
        }
      },
      "__v": 0
    },
    {
      "_id": {
        "$oid": "632aaa31c8093b9a2007d155"
      },
      "id": 1,
      "menuName": "Dashboard",
      "code": "default:dashboard",
      "fatherId": 0,
      "orderNum": 1,
      "path": "/default/dashboard",
      "menuType": "C",
      "visible": true,
      "status": true,
      "icon": "dashboard",
      "alIcon": "",
      "newLinkFlag": false,
      "createdAt": {
        "$date": {
          "$numberLong": "1663740465912"
        }
      },
      "updatedAt": {
        "$date": {
          "$numberLong": "1663740465912"
        }
      },
      "__v": 0
    },
    {
      "_id": {
        "$oid": "632aaa31c8093b9a2007d152"
      },
      "id": 77,
      "menuName": "Thông báo",
      "code": "default:feat:msg",
      "fatherId": {
        "$oid": "632aaa31c8093b9a2007d175"
      },
      "orderNum": 1,
      "path": "/default/feat/msg",
      "menuType": "C",
      "visible": true,
      "status": true,
      "icon": "dashboard",
      "alIcon": null,
      "newLinkFlag": false,
      "createdAt": {
        "$date": {
          "$numberLong": "1663740465912"
        }
      },
      "updatedAt": {
        "$date": {
          "$numberLong": "1663757128018"
        }
      },
      "__v": 0
    },
    {
      "_id": {
        "$oid": "632aaa31c8093b9a2007d154"
      },
      "id": 72,
      "menuName": "Trung tâm cá nhân",
      "code": "default:page-demo:personal:personal-center",
      "fatherId": {
        "$oid": "632aaa31c8093b9a2007d193"
      },
      "orderNum": 1,
      "path": "/default/page-demo/personal/personal-center",
      "menuType": "C",
      "visible": true,
      "status": true,
      "icon": "user",
      "alIcon": null,
      "newLinkFlag": false,
      "createdAt": {
        "$date": {
          "$numberLong": "1663740465912"
        }
      },
      "updatedAt": {
        "$date": {
          "$numberLong": "1663757128018"
        }
      },
      "__v": 0
    },
    {
      "_id": {
        "$oid": "632aaa31c8093b9a2007d158"
      },
      "id": 134,
      "menuName": "Đã thêm quản lý tài khoản",
      "code": "default:system:account:add",
      "fatherId": {
        "$oid": "632aaa31c8093b9a2007d145"
      },
      "orderNum": 1,
      "path": "",
      "menuType": "F",
      "visible": false,
      "status": true,
      "icon": null,
      "alIcon": null,
      "newLinkFlag": false,
      "createdAt": {
        "$date": {
          "$numberLong": "1663740465912"
        }
      },
      "updatedAt": {
        "$date": {
          "$numberLong": "1663757128015"
        }
      },
      "__v": 0
    },
    {
      "_id": {
        "$oid": "632aaa31c8093b9a2007d157"
      },
      "id": 109,
      "menuName": "Các thành phần tải lười cơ bản",
      "code": "default:comp:lazy:lazy-basic",
      "fatherId": {
        "$oid": "632aaa31c8093b9a2007d185"
      },
      "orderNum": 1,
      "path": "/default/comp/lazy/lazy-basic",
      "menuType": "C",
      "visible": true,
      "status": true,
      "icon": "dashboard",
      "alIcon": null,
      "newLinkFlag": false,
      "createdAt": {
        "$date": {
          "$numberLong": "1663740465912"
        }
      },
      "updatedAt": {
        "$date": {
          "$numberLong": "1663757128019"
        }
      },
      "__v": 0
    },
    {
      "_id": {
        "$oid": "632aaa31c8093b9a2007d159"
      },
      "id": 148,
      "menuName": "Dạng đóng mở",
      "code": "default:comp:form:shrink-form",
      "fatherId": {
        "$oid": "632aaa31c8093b9a2007d198"
      },
      "orderNum": 1,
      "path": "/default/comp/form/shrink-form",
      "menuType": "C",
      "visible": true,
      "status": true,
      "icon": "minus-square",
      "alIcon": null,
      "newLinkFlag": false,
      "createdAt": {
        "$date": {
          "$numberLong": "1663740465913"
        }
      },
      "updatedAt": {
        "$date": {
          "$numberLong": "1663757128018"
        }
      },
      "__v": 0
    },
    {
      "_id": {
        "$oid": "632aaa31c8093b9a2007d15a"
      },
      "id": 91,
      "menuName": "thanh cuộn bộ nhớ cache",
      "code": "default:feat:scroll:keep-scroll-page",
      "fatherId": {
        "$oid": "632aaa31c8093b9a2007d19f"
      },
      "orderNum": 1,
      "path": "/default/feat/scroll/keep-scroll-page",
      "menuType": "C",
      "visible": true,
      "status": true,
      "icon": "dashboard",
      "alIcon": null,
      "newLinkFlag": false,
      "createdAt": {
        "$date": {
          "$numberLong": "1663740465913"
        }
      },
      "updatedAt": {
        "$date": {
          "$numberLong": "1663757128018"
        }
      },
      "__v": 0
    },
    {
      "_id": {
        "$oid": "632aaa31c8093b9a2007d15b"
      },
      "id": 68,
      "menuName": "403",
      "code": "default:page-demo:except:except403",
      "fatherId": {
        "$oid": "632aaa31c8093b9a2007d191"
      },
      "orderNum": 1,
      "path": "/default/page-demo/except/except403",
      "menuType": "C",
      "visible": true,
      "status": true,
      "icon": "warning",
      "alIcon": null,
      "newLinkFlag": false,
      "createdAt": {
        "$date": {
          "$numberLong": "1663740465913"
        }
      },
      "updatedAt": {
        "$date": {
          "$numberLong": "1663757128018"
        }
      },
      "__v": 0
    },
    {
      "_id": {
        "$oid": "632aaa31c8093b9a2007d15c"
      },
      "id": 119,
      "menuName": "Menu2",
      "code": "default:level:menu2",
      "fatherId": {
        "$oid": "632aaa31c8093b9a2007d192"
      },
      "orderNum": 2,
      "path": "/default/level/menu2",
      "menuType": "C",
      "visible": true,
      "status": true,
      "icon": "menu",
      "alIcon": null,
      "newLinkFlag": false,
      "createdAt": {
        "$date": {
          "$numberLong": "1663740465913"
        }
      },
      "updatedAt": {
        "$date": {
          "$numberLong": "1663757128018"
        }
      },
      "__v": 0
    },
    {
      "_id": {
        "$oid": "632aaa31c8093b9a2007d15d"
      },
      "id": 53,
      "menuName": "Mẫu yêu cầu",
      "code": "default:page-demo:list:search-table",
      "fatherId": {
        "$oid": "632aaa31c8093b9a2007d15e"
      },
      "orderNum": 2,
      "path": "/default/page-demo/list/search-table",
      "menuType": "C",
      "visible": true,
      "status": true,
      "icon": "table",
      "alIcon": null,
      "newLinkFlag": false,
      "createdAt": {
        "$date": {
          "$numberLong": "1663740465913"
        }
      },
      "updatedAt": {
        "$date": {
          "$numberLong": "1663757128018"
        }
      },
      "__v": 0
    },
    {
      "_id": {
        "$oid": "632aaa31c8093b9a2007d15f"
      },
      "id": 43,
      "menuName": "Trang",
      "code": "default:page-demo",
      "fatherId": 0,
      "orderNum": 2,
      "path": "/default/page-demo",
      "menuType": "C",
      "visible": true,
      "status": true,
      "icon": "appstore",
      "alIcon": null,
      "newLinkFlag": false,
      "createdAt": {
        "$date": {
          "$numberLong": "1663740465913"
        }
      },
      "updatedAt": {
        "$date": {
          "$numberLong": "1663740465913"
        }
      },
      "__v": 0
    },
    {
      "_id": {
        "$oid": "632aaa31c8093b9a2007d15e"
      },
      "id": 48,
      "menuName": "Danh sách",
      "code": "default:page-demo:list",
      "fatherId": {
        "$oid": "632aaa31c8093b9a2007d15f"
      },
      "orderNum": 2,
      "path": "/default/page-demo/list",
      "menuType": "C",
      "visible": true,
      "status": true,
      "icon": "table",
      "alIcon": null,
      "newLinkFlag": false,
      "createdAt": {
        "$date": {
          "$numberLong": "1663740465913"
        }
      },
      "updatedAt": {
        "$date": {
          "$numberLong": "1663757128017"
        }
      },
      "__v": 0
    },
    {
      "_id": {
        "$oid": "632aaa31c8093b9a2007d160"
      },
      "id": 78,
      "menuName": "Icon",
      "code": "default:feat:icons",
      "fatherId": {
        "$oid": "632aaa31c8093b9a2007d175"
      },
      "orderNum": 2,
      "path": "/default/feat/icons",
      "menuType": "C",
      "visible": true,
      "status": true,
      "icon": "dashboard",
      "alIcon": null,
      "newLinkFlag": false,
      "createdAt": {
        "$date": {
          "$numberLong": "1663740465913"
        }
      },
      "updatedAt": {
        "$date": {
          "$numberLong": "1663757128018"
        }
      },
      "__v": 0
    },
    {
      "_id": {
        "$oid": "632aaa31c8093b9a2007d161"
      },
      "id": 73,
      "menuName": "Thiết lập cá nhân",
      "code": "default:page-demo:personal:personal-setting",
      "fatherId": {
        "$oid": "632aaa31c8093b9a2007d193"
      },
      "orderNum": 2,
      "path": "/default/page-demo/personal/personal-setting",
      "menuType": "C",
      "visible": true,
      "status": true,
      "icon": "user",
      "alIcon": "",
      "newLinkFlag": false,
      "createdAt": {
        "$date": {
          "$numberLong": "1663740465913"
        }
      },
      "updatedAt": {
        "$date": {
          "$numberLong": "1663757128018"
        }
      },
      "__v": 0
    },
    {
      "_id": {
        "$oid": "632aaa31c8093b9a2007d162"
      },
      "id": 95,
      "menuName": "Baidu - Map",
      "code": "default:feat:charts:baidu-map",
      "fatherId": {
        "$oid": "632aaa31c8093b9a2007d1a0"
      },
      "orderNum": 2,
      "path": "/default/feat/charts/baidu-map",
      "menuType": "C",
      "visible": true,
      "status": true,
      "icon": "highlight",
      "alIcon": null,
      "newLinkFlag": false,
      "createdAt": {
        "$date": {
          "$numberLong": "1663740465913"
        }
      },
      "updatedAt": {
        "$date": {
          "$numberLong": "1663757128019"
        }
      },
      "__v": 0
    },
    {
      "_id": {
        "$oid": "632aaa31c8093b9a2007d163"
      },
      "id": 110,
      "menuName": "Cuộn tải chậm",
      "code": "default:comp:lazy:lazy-scroll",
      "fatherId": {
        "$oid": "632aaa31c8093b9a2007d185"
      },
      "orderNum": 2,
      "path": "/default/comp/lazy/lazy-scroll",
      "menuType": "C",
      "visible": true,
      "status": true,
      "icon": "dashboard",
      "alIcon": null,
      "newLinkFlag": false,
      "createdAt": {
        "$date": {
          "$numberLong": "1663740465913"
        }
      },
      "updatedAt": {
        "$date": {
          "$numberLong": "1663757128019"
        }
      },
      "__v": 0
    },
    {
      "_id": {
        "$oid": "632aaa31c8093b9a2007d164"
      },
      "id": 135,
      "menuName": "Quản lý tài khoản Edit",
      "code": "default:system:account:edit",
      "fatherId": {
        "$oid": "632aaa31c8093b9a2007d145"
      },
      "orderNum": 2,
      "path": "",
      "menuType": "F",
      "visible": false,
      "status": true,
      "icon": null,
      "alIcon": null,
      "newLinkFlag": false,
      "createdAt": {
        "$date": {
          "$numberLong": "1663740465913"
        }
      },
      "updatedAt": {
        "$date": {
          "$numberLong": "1663757128016"
        }
      },
      "__v": 0
    },
    {
      "_id": {
        "$oid": "632aaa31c8093b9a2007d166"
      },
      "id": 92,
      "menuName": "Làm việc với thanh cuộn",
      "code": "default:feat:scroll:play-scroll",
      "fatherId": {
        "$oid": "632aaa31c8093b9a2007d19f"
      },
      "orderNum": 2,
      "path": "/default/feat/scroll/play-scroll",
      "menuType": "C",
      "visible": true,
      "status": true,
      "icon": "dashboard",
      "alIcon": null,
      "newLinkFlag": false,
      "createdAt": {
        "$date": {
          "$numberLong": "1663740465913"
        }
      },
      "updatedAt": {
        "$date": {
          "$numberLong": "1663757128018"
        }
      },
      "__v": 0
    },
    {
      "_id": {
        "$oid": "632aaa31c8093b9a2007d14e"
      },
      "id": 62,
      "menuName": "Trang chi tiết cơ bản",
      "code": "default:page-demo:detail:base-detail",
      "fatherId": {
        "$oid": "632aaa31c8093b9a2007d180"
      },
      "orderNum": 1,
      "path": "/default/page-demo/detail/base-detail",
      "menuType": "C",
      "visible": true,
      "status": true,
      "icon": "profile",
      "alIcon": null,
      "newLinkFlag": false,
      "createdAt": {
        "$date": {
          "$numberLong": "1663740465912"
        }
      },
      "updatedAt": {
        "$date": {
          "$numberLong": "1663757128018"
        }
      },
      "__v": 0
    },
    {
      "_id": {
        "$oid": "632aaa31c8093b9a2007d14f"
      },
      "id": 75,
      "menuName": "Charts",
      "code": "default:page-demo:flow:flow-chat",
      "fatherId": {
        "$oid": "632aaa31c8093b9a2007d19a"
      },
      "orderNum": 1,
      "path": "/default/page-demo/flow/flow-chat",
      "menuType": "C",
      "visible": true,
      "status": true,
      "icon": "highlight",
      "alIcon": null,
      "newLinkFlag": false,
      "createdAt": {
        "$date": {
          "$numberLong": "1663740465912"
        }
      },
      "updatedAt": {
        "$date": {
          "$numberLong": "1663757128018"
        }
      },
      "__v": 0
    },
    {
      "_id": {
        "$oid": "632aaa31c8093b9a2007d169"
      },
      "id": 122,
      "menuName": "Quản lý vai trò",
      "code": "default:system:role-manager",
      "fatherId": {
        "$oid": "632aaa31c8093b9a2007d194"
      },
      "orderNum": 2,
      "path": "/default/system/role-manager",
      "menuType": "C",
      "visible": true,
      "status": true,
      "icon": "",
      "alIcon": "icon-mel-help",
      "newLinkFlag": false,
      "createdAt": {
        "$date": {
          "$numberLong": "1663740465913"
        }
      },
      "updatedAt": {
        "$date": {
          "$numberLong": "1663757128018"
        }
      },
      "__v": 0
    },
    {
      "_id": {
        "$oid": "632aaa31c8093b9a2007d168"
      },
      "id": 89,
      "menuName": "Liên kết bên ngoài",
      "code": "https://github.com/nampham90/ng-ant-admin",
      "fatherId": {
        "$oid": "632aaa31c8093b9a2007d19e"
      },
      "orderNum": 2,
      "path": "https://github.com/nampham90/ng-ant-admin",
      "menuType": "C",
      "visible": true,
      "status": true,
      "icon": "usergroup-delete",
      "alIcon": null,
      "newLinkFlag": true,
      "createdAt": {
        "$date": {
          "$numberLong": "1663740465913"
        }
      },
      "updatedAt": {
        "$date": {
          "$numberLong": "1663757128018"
        }
      },
      "__v": 0
    },
    {
      "_id": {
        "$oid": "632aaa31c8093b9a2007d16b"
      },
      "id": 117,
      "menuName": "Menu1-1-2",
      "code": "default:level:menu1:menu1-1:menu1-1-2",
      "fatherId": {
        "$oid": "632aaa31c8093b9a2007d150"
      },
      "orderNum": 2,
      "path": "/default/level/menu1/menu1-1/menu1-1-2",
      "menuType": "C",
      "visible": true,
      "status": true,
      "icon": "",
      "alIcon": null,
      "newLinkFlag": false,
      "createdAt": {
        "$date": {
          "$numberLong": "1663740465913"
        }
      },
      "updatedAt": {
        "$date": {
          "$numberLong": "1663757128016"
        }
      },
      "__v": 0
    },
    {
      "_id": {
        "$oid": "632aaa31c8093b9a2007d16a"
      },
      "id": 66,
      "menuName": "Trang thất bại",
      "code": "default:page-demo:result:fail",
      "fatherId": {
        "$oid": "632aaa31c8093b9a2007d188"
      },
      "orderNum": 2,
      "path": "/default/page-demo/result/fail",
      "menuType": "C",
      "visible": true,
      "status": true,
      "icon": "check-circle",
      "alIcon": null,
      "newLinkFlag": false,
      "createdAt": {
        "$date": {
          "$numberLong": "1663740465913"
        }
      },
      "updatedAt": {
        "$date": {
          "$numberLong": "1663757128018"
        }
      },
      "__v": 0
    },
    {
      "_id": {
        "$oid": "632aaa31c8093b9a2007d16c"
      },
      "id": 51,
      "menuName": "Danh sách tìm kiếm (mục)",
      "code": "default:page-demo:list:search-list:project",
      "fatherId": {
        "$oid": "632aaa31c8093b9a2007d151"
      },
      "orderNum": 2,
      "path": "/default/page-demo/list/search-list/project",
      "menuType": "C",
      "visible": true,
      "status": true,
      "icon": "table",
      "alIcon": null,
      "newLinkFlag": false,
      "createdAt": {
        "$date": {
          "$numberLong": "1663740465913"
        }
      },
      "updatedAt": {
        "$date": {
          "$numberLong": "1663757128017"
        }
      },
      "__v": 0
    },
    {
      "_id": {
        "$oid": "632aaa31c8093b9a2007d16d"
      },
      "id": 131,
      "menuName": "Biên tập viên quản lý bộ phận",
      "code": "default:system:dept:edit",
      "fatherId": {
        "$oid": "632aaa31c8093b9a2007d18a"
      },
      "orderNum": 2,
      "path": "",
      "menuType": "F",
      "visible": false,
      "status": true,
      "icon": null,
      "alIcon": null,
      "newLinkFlag": false,
      "createdAt": {
        "$date": {
          "$numberLong": "1663740465913"
        }
      },
      "updatedAt": {
        "$date": {
          "$numberLong": "1663757128018"
        }
      },
      "__v": 0
    },
    {
      "_id": {
        "$oid": "632aaa31c8093b9a2007d16e"
      },
      "id": 46,
      "menuName": "Biểu mẫu từng bước",
      "code": "default:page-demo:form:step-form",
      "fatherId": {
        "$oid": "632aaa31c8093b9a2007d153"
      },
      "orderNum": 2,
      "path": "/default/page-demo/form/step-form",
      "menuType": "C",
      "visible": true,
      "status": true,
      "icon": "form",
      "alIcon": null,
      "newLinkFlag": false,
      "createdAt": {
        "$date": {
          "$numberLong": "1663740465913"
        }
      },
      "updatedAt": {
        "$date": {
          "$numberLong": "1663757128017"
        }
      },
      "__v": 0
    },
    {
      "_id": {
        "$oid": "632aaa31c8093b9a2007d16f"
      },
      "id": 127,
      "menuName": "Trình chỉnh sửa quản lý menu",
      "code": "default:system:menu:edit",
      "fatherId": {
        "$oid": "632aaa31c8093b9a2007d17f"
      },
      "orderNum": 2,
      "path": null,
      "menuType": "F",
      "visible": false,
      "status": true,
      "icon": null,
      "alIcon": null,
      "newLinkFlag": false,
      "createdAt": {
        "$date": {
          "$numberLong": "1663740465913"
        }
      },
      "updatedAt": {
        "$date": {
          "$numberLong": "1663757128018"
        }
      },
      "__v": 0
    },
    {
      "_id": {
        "$oid": "632aaa31c8093b9a2007d170"
      },
      "id": 41,
      "menuName": "Trang giám sát",
      "code": "default:dashboard:monitor",
      "fatherId": {
        "$oid": "632aaa31c8093b9a2007d155"
      },
      "orderNum": 2,
      "path": "/default/dashboard/monitor",
      "menuType": "C",
      "visible": true,
      "status": true,
      "icon": "fund",
      "alIcon": null,
      "newLinkFlag": false,
      "createdAt": {
        "$date": {
          "$numberLong": "1663740465913"
        }
      },
      "updatedAt": {
        "$date": {
          "$numberLong": "1663757128017"
        }
      },
      "__v": 0
    },
    {
      "_id": {
        "$oid": "632aaa31c8093b9a2007d171"
      },
      "id": 138,
      "menuName": "Biên tập viên quản lý vai trò",
      "code": "default:system:role-manager:edit",
      "fatherId": {
        "$oid": "632aaa31c8093b9a2007d169"
      },
      "orderNum": 2,
      "path": "",
      "menuType": "F",
      "visible": false,
      "status": true,
      "icon": null,
      "alIcon": null,
      "newLinkFlag": false,
      "createdAt": {
        "$date": {
          "$numberLong": "1663740465913"
        }
      },
      "updatedAt": {
        "$date": {
          "$numberLong": "1663757128018"
        }
      },
      "__v": 0
    },
    {
      "_id": {
        "$oid": "632aaa31c8093b9a2007d172"
      },
      "id": 106,
      "menuName": "Thành phần hoạt hình",
      "code": "default:comp:transition",
      "fatherId": {
        "$oid": "632aaa31c8093b9a2007d18c"
      },
      "orderNum": 2,
      "path": "/default/comp/transition",
      "menuType": "C",
      "visible": true,
      "status": true,
      "icon": "dashboard",
      "alIcon": null,
      "newLinkFlag": false,
      "createdAt": {
        "$date": {
          "$numberLong": "1663740465913"
        }
      },
      "updatedAt": {
        "$date": {
          "$numberLong": "1663757128018"
        }
      },
      "__v": 0
    },
    {
      "_id": {
        "$oid": "632aaa31c8093b9a2007d173"
      },
      "id": 63,
      "menuName": "Trang chi tiết nâng cao",
      "code": "default:page-demo:detail:adv-detail",
      "fatherId": {
        "$oid": "632aaa31c8093b9a2007d180"
      },
      "orderNum": 2,
      "path": "/default/page-demo/detail/adv-detail",
      "menuType": "C",
      "visible": true,
      "status": true,
      "icon": "profile",
      "alIcon": null,
      "newLinkFlag": false,
      "createdAt": {
        "$date": {
          "$numberLong": "1663740465913"
        }
      },
      "updatedAt": {
        "$date": {
          "$numberLong": "1663757128018"
        }
      },
      "__v": 0
    },
    {
      "_id": {
        "$oid": "632aaa31c8093b9a2007d174"
      },
      "id": 54,
      "menuName": "Dạng cây",
      "code": "default:page-demo:list:tree-list",
      "fatherId": {
        "$oid": "632aaa31c8093b9a2007d15e"
      },
      "orderNum": 3,
      "path": "/default/page-demo/list/tree-list",
      "menuType": "C",
      "visible": true,
      "status": true,
      "icon": "table",
      "alIcon": null,
      "newLinkFlag": false,
      "createdAt": {
        "$date": {
          "$numberLong": "1663740465913"
        }
      },
      "updatedAt": {
        "$date": {
          "$numberLong": "1663757128018"
        }
      },
      "__v": 0
    },
    {
      "_id": {
        "$oid": "632aaa31c8093b9a2007d175"
      },
      "id": 76,
      "menuName": "Hàm số",
      "code": "default:feat",
      "fatherId": 0,
      "orderNum": 3,
      "path": "/default/feat",
      "menuType": "C",
      "visible": true,
      "status": true,
      "icon": "star",
      "alIcon": null,
      "newLinkFlag": false,
      "createdAt": {
        "$date": {
          "$numberLong": "1663740465913"
        }
      },
      "updatedAt": {
        "$date": {
          "$numberLong": "1663740465913"
        }
      },
      "__v": 0
    },
    {
      "_id": {
        "$oid": "632aaa31c8093b9a2007d176"
      },
      "id": 70,
      "menuName": "500",
      "code": "default:page-demo:except:except500",
      "fatherId": {
        "$oid": "632aaa31c8093b9a2007d191"
      },
      "orderNum": 3,
      "path": "/default/page-demo/except/except500",
      "menuType": "C",
      "visible": true,
      "status": true,
      "icon": "warning",
      "alIcon": null,
      "newLinkFlag": false,
      "createdAt": {
        "$date": {
          "$numberLong": "1663740465913"
        }
      },
      "updatedAt": {
        "$date": {
          "$numberLong": "1663757128018"
        }
      },
      "__v": 0
    },
    {
      "_id": {
        "$oid": "632aaa31c8093b9a2007d177"
      },
      "id": 136,
      "menuName": "Quản lý tài khoản xóa",
      "code": "default:system:account:del",
      "fatherId": {
        "$oid": "632aaa31c8093b9a2007d145"
      },
      "orderNum": 3,
      "path": "",
      "menuType": "F",
      "visible": false,
      "status": true,
      "icon": null,
      "alIcon": null,
      "newLinkFlag": false,
      "createdAt": {
        "$date": {
          "$numberLong": "1663740465913"
        }
      },
      "updatedAt": {
        "$date": {
          "$numberLong": "1663757128016"
        }
      },
      "__v": 0
    },
    {
      "_id": {
        "$oid": "632aaa31c8093b9a2007d179"
      },
      "id": 132,
      "menuName": "Quản lý bộ phận xóa",
      "code": "default:system:dept:del",
      "fatherId": {
        "$oid": "632aaa31c8093b9a2007d18a"
      },
      "orderNum": 3,
      "path": "",
      "menuType": "F",
      "visible": false,
      "status": true,
      "icon": null,
      "alIcon": null,
      "newLinkFlag": false,
      "createdAt": {
        "$date": {
          "$numberLong": "1663740465913"
        }
      },
      "updatedAt": {
        "$date": {
          "$numberLong": "1663757128018"
        }
      },
      "__v": 0
    },
    {
      "_id": {
        "$oid": "632aaa31c8093b9a2007d17a"
      },
      "id": 47,
      "menuName": "Biểu mẫu nâng cao",
      "code": "default:page-demo:form:advanced-form",
      "fatherId": {
        "$oid": "632aaa31c8093b9a2007d153"
      },
      "orderNum": 3,
      "path": "/default/page-demo/form/advanced-form",
      "menuType": "C",
      "visible": true,
      "status": true,
      "icon": "form",
      "alIcon": null,
      "newLinkFlag": false,
      "createdAt": {
        "$date": {
          "$numberLong": "1663740465913"
        }
      },
      "updatedAt": {
        "$date": {
          "$numberLong": "1663757128017"
        }
      },
      "__v": 0
    },
    {
      "_id": {
        "$oid": "632aaa31c8093b9a2007d178"
      },
      "id": 52,
      "menuName": "Danh sách tìm kiếm (Ứng dụng)",
      "code": "default:page-demo:list:search-list:application",
      "fatherId": {
        "$oid": "632aaa31c8093b9a2007d151"
      },
      "orderNum": 3,
      "path": "/default/page-demo/list/search-list/application",
      "menuType": "C",
      "visible": true,
      "status": true,
      "icon": "table",
      "alIcon": null,
      "newLinkFlag": false,
      "createdAt": {
        "$date": {
          "$numberLong": "1663740465913"
        }
      },
      "updatedAt": {
        "$date": {
          "$numberLong": "1663757128017"
        }
      },
      "__v": 0
    },
    {
      "_id": {
        "$oid": "632aaa31c8093b9a2007d17b"
      },
      "id": 128,
      "menuName": "Quản lý menu xóa",
      "code": "default:system:menu:del",
      "fatherId": {
        "$oid": "632aaa31c8093b9a2007d17f"
      },
      "orderNum": 3,
      "path": null,
      "menuType": "F",
      "visible": false,
      "status": true,
      "icon": null,
      "alIcon": null,
      "newLinkFlag": false,
      "createdAt": {
        "$date": {
          "$numberLong": "1663740465913"
        }
      },
      "updatedAt": {
        "$date": {
          "$numberLong": "1663757128018"
        }
      },
      "__v": 0
    },
    {
      "_id": {
        "$oid": "632aaa31c8093b9a2007d17c"
      },
      "id": 42,
      "menuName": "Bàn làm việc",
      "code": "default:dashboard:workbench",
      "fatherId": {
        "$oid": "632aaa31c8093b9a2007d155"
      },
      "orderNum": 3,
      "path": "/default/dashboard/workbench",
      "menuType": "C",
      "visible": true,
      "status": true,
      "icon": "appstore",
      "alIcon": null,
      "newLinkFlag": false,
      "createdAt": {
        "$date": {
          "$numberLong": "1663740465914"
        }
      },
      "updatedAt": {
        "$date": {
          "$numberLong": "1663757128017"
        }
      },
      "__v": 0
    },
    {
      "_id": {
        "$oid": "632aaa31c8093b9a2007d17d"
      },
      "id": 139,
      "menuName": "Quản lý vai trò xóa",
      "code": "default:system:role-manager:del",
      "fatherId": {
        "$oid": "632aaa31c8093b9a2007d169"
      },
      "orderNum": 3,
      "path": "",
      "menuType": "F",
      "visible": false,
      "status": true,
      "icon": null,
      "alIcon": null,
      "newLinkFlag": false,
      "createdAt": {
        "$date": {
          "$numberLong": "1663740465914"
        }
      },
      "updatedAt": {
        "$date": {
          "$numberLong": "1663757128018"
        }
      },
      "__v": 0
    },
    {
      "_id": {
        "$oid": "632aaa31c8093b9a2007d180"
      },
      "id": 61,
      "menuName": "Trang chi tiết",
      "code": "default:page-demo:detail",
      "fatherId": {
        "$oid": "632aaa31c8093b9a2007d15f"
      },
      "orderNum": 3,
      "path": "/default/page-demo/detail",
      "menuType": "C",
      "visible": true,
      "status": true,
      "icon": "profile",
      "alIcon": null,
      "newLinkFlag": false,
      "createdAt": {
        "$date": {
          "$numberLong": "1663740465914"
        }
      },
      "updatedAt": {
        "$date": {
          "$numberLong": "1663757128017"
        }
      },
      "__v": 0
    },
    {
      "_id": {
        "$oid": "632aaa31c8093b9a2007d17f"
      },
      "id": 123,
      "menuName": "Quản lý menu",
      "code": "default:system:menu",
      "fatherId": {
        "$oid": "632aaa31c8093b9a2007d194"
      },
      "orderNum": 3,
      "path": "/default/system/menu",
      "menuType": "C",
      "visible": true,
      "status": true,
      "icon": "menu",
      "alIcon": "",
      "newLinkFlag": false,
      "createdAt": {
        "$date": {
          "$numberLong": "1663740465914"
        }
      },
      "updatedAt": {
        "$date": {
          "$numberLong": "1663757128018"
        }
      },
      "__v": 0
    },
    {
      "_id": {
        "$oid": "632aaa31c8093b9a2007d182"
      },
      "id": 96,
      "menuName": "Echarts",
      "code": "default:feat:charts:echarts",
      "fatherId": {
        "$oid": "632aaa31c8093b9a2007d1a0"
      },
      "orderNum": 3,
      "path": "/default/feat/charts/echarts",
      "menuType": "C",
      "visible": true,
      "status": true,
      "icon": "highlight",
      "alIcon": null,
      "newLinkFlag": false,
      "createdAt": {
        "$date": {
          "$numberLong": "1663740465914"
        }
      },
      "updatedAt": {
        "$date": {
          "$numberLong": "1663757128019"
        }
      },
      "__v": 0
    },
    {
      "_id": {
        "$oid": "632aaa31c8093b9a2007d181"
      },
      "id": 79,
      "menuName": "Nhấp chuột phải vào menu",
      "code": "default:feat:context-menu",
      "fatherId": {
        "$oid": "632aaa31c8093b9a2007d175"
      },
      "orderNum": 3,
      "path": "/default/feat/context-menu",
      "menuType": "C",
      "visible": true,
      "status": true,
      "icon": "dashboard",
      "alIcon": null,
      "newLinkFlag": false,
      "createdAt": {
        "$date": {
          "$numberLong": "1663740465914"
        }
      },
      "updatedAt": {
        "$date": {
          "$numberLong": "1663757128018"
        }
      },
      "__v": 0
    },
    {
      "_id": {
        "$oid": "632aaa31c8093b9a2007d183"
      },
      "id": 129,
      "menuName": "Quản lý menu thêm cấp dưới",
      "code": "default:system:menu:addlowlevel",
      "fatherId": {
        "$oid": "632aaa31c8093b9a2007d17f"
      },
      "orderNum": 4,
      "path": "",
      "menuType": "F",
      "visible": false,
      "status": true,
      "icon": null,
      "alIcon": null,
      "newLinkFlag": false,
      "createdAt": {
        "$date": {
          "$numberLong": "1663740465914"
        }
      },
      "updatedAt": {
        "$date": {
          "$numberLong": "1663757128018"
        }
      },
      "__v": 0
    },
    {
      "_id": {
        "$oid": "632aaa31c8093b9a2007d184"
      },
      "id": 140,
      "menuName": "Quản lý vai trò thiết lập các vai trò",
      "code": "default:system:role-manager:set-role",
      "fatherId": {
        "$oid": "632aaa31c8093b9a2007d169"
      },
      "orderNum": 4,
      "path": "",
      "menuType": "F",
      "visible": false,
      "status": true,
      "icon": null,
      "alIcon": null,
      "newLinkFlag": false,
      "createdAt": {
        "$date": {
          "$numberLong": "1663740465914"
        }
      },
      "updatedAt": {
        "$date": {
          "$numberLong": "1663757128018"
        }
      },
      "__v": 0
    },
    {
      "_id": {
        "$oid": "632aaa31c8093b9a2007d165"
      },
      "id": 118,
      "menuName": "Menu1-2",
      "code": "default:level:menu1:menu1-2",
      "fatherId": {
        "$oid": "632aaa31c8093b9a2007d141"
      },
      "orderNum": 2,
      "path": "/default/level/menu1/menu1-2",
      "menuType": "C",
      "visible": true,
      "status": true,
      "icon": "menu",
      "alIcon": null,
      "newLinkFlag": false,
      "createdAt": {
        "$date": {
          "$numberLong": "1663740465913"
        }
      },
      "updatedAt": {
        "$date": {
          "$numberLong": "1663757128016"
        }
      },
      "__v": 0
    },
    {
      "_id": {
        "$oid": "632aaa31c8093b9a2007d186"
      },
      "id": 133,
      "menuName": "Thêm cấp dưới vào quản lý bộ phận",
      "code": "default:system:dept:addlowlevel",
      "fatherId": {
        "$oid": "632aaa31c8093b9a2007d18a"
      },
      "orderNum": 4,
      "path": "",
      "menuType": "F",
      "visible": false,
      "status": true,
      "icon": null,
      "alIcon": null,
      "newLinkFlag": false,
      "createdAt": {
        "$date": {
          "$numberLong": "1663740465914"
        }
      },
      "updatedAt": {
        "$date": {
          "$numberLong": "1663757128018"
        }
      },
      "__v": 0
    },
    {
      "_id": {
        "$oid": "632aaa31c8093b9a2007d167"
      },
      "id": 69,
      "menuName": "404",
      "code": "default:page-demo:except:except404",
      "fatherId": {
        "$oid": "632aaa31c8093b9a2007d191"
      },
      "orderNum": 2,
      "path": "/default/page-demo/except/except404",
      "menuType": "C",
      "visible": true,
      "status": true,
      "icon": "warning",
      "alIcon": null,
      "newLinkFlag": false,
      "createdAt": {
        "$date": {
          "$numberLong": "1663740465913"
        }
      },
      "updatedAt": {
        "$date": {
          "$numberLong": "1663757128018"
        }
      },
      "__v": 0
    },
    {
      "_id": {
        "$oid": "632aaa31c8093b9a2007d187"
      },
      "id": 80,
      "menuName": "Xem trước hình ảnh",
      "code": "default:feat:img-preview",
      "fatherId": {
        "$oid": "632aaa31c8093b9a2007d175"
      },
      "orderNum": 4,
      "path": "/default/feat/img-preview",
      "menuType": "C",
      "visible": true,
      "status": true,
      "icon": "dashboard",
      "alIcon": null,
      "newLinkFlag": false,
      "createdAt": {
        "$date": {
          "$numberLong": "1663740465914"
        }
      },
      "updatedAt": {
        "$date": {
          "$numberLong": "1663757128018"
        }
      },
      "__v": 0
    },
    {
      "_id": {
        "$oid": "632aaa31c8093b9a2007d189"
      },
      "id": 55,
      "menuName": "mẫu",
      "code": "default:page-demo:list:standard-table",
      "fatherId": {
        "$oid": "632aaa31c8093b9a2007d15e"
      },
      "orderNum": 4,
      "path": "/default/page-demo/list/standard-table",
      "menuType": "C",
      "visible": true,
      "status": true,
      "icon": "table",
      "alIcon": null,
      "newLinkFlag": false,
      "createdAt": {
        "$date": {
          "$numberLong": "1663740465914"
        }
      },
      "updatedAt": {
        "$date": {
          "$numberLong": "1663757128018"
        }
      },
      "__v": 0
    },
    {
      "_id": {
        "$oid": "632aaa31c8093b9a2007d188"
      },
      "id": 64,
      "menuName": "Trang kết quả",
      "code": "default:page-demo:result",
      "fatherId": {
        "$oid": "632aaa31c8093b9a2007d15f"
      },
      "orderNum": 4,
      "path": "/default/page-demo/result",
      "menuType": "C",
      "visible": true,
      "status": true,
      "icon": "check-circle",
      "alIcon": null,
      "newLinkFlag": false,
      "createdAt": {
        "$date": {
          "$numberLong": "1663740465914"
        }
      },
      "updatedAt": {
        "$date": {
          "$numberLong": "1663757128017"
        }
      },
      "__v": 0
    },
    {
      "_id": {
        "$oid": "632aaa31c8093b9a2007d18a"
      },
      "id": 124,
      "menuName": "Quản lý bộ phận",
      "code": "default:system:dept",
      "fatherId": {
        "$oid": "632aaa31c8093b9a2007d194"
      },
      "orderNum": 4,
      "path": "/default/system/dept",
      "menuType": "C",
      "visible": true,
      "status": true,
      "icon": "",
      "alIcon": "icon-mel-help",
      "newLinkFlag": false,
      "createdAt": {
        "$date": {
          "$numberLong": "1663740465914"
        }
      },
      "updatedAt": {
        "$date": {
          "$numberLong": "1663757128018"
        }
      },
      "__v": 0
    },
    {
      "_id": {
        "$oid": "632aaa31c8093b9a2007d18b"
      },
      "id": 146,
      "menuName": "Lỗi mạng",
      "code": "default:page-demo:except:network-error",
      "fatherId": {
        "$oid": "632aaa31c8093b9a2007d191"
      },
      "orderNum": 4,
      "path": "/default/page-demo/except/network-error",
      "menuType": "C",
      "visible": true,
      "status": true,
      "icon": "warning",
      "alIcon": "",
      "newLinkFlag": false,
      "createdAt": {
        "$date": {
          "$numberLong": "1663740465914"
        }
      },
      "updatedAt": {
        "$date": {
          "$numberLong": "1663757128018"
        }
      },
      "__v": 0
    },
    {
      "_id": {
        "$oid": "632aaa31c8093b9a2007d18d"
      },
      "id": 81,
      "menuName": "toàn màn hình",
      "code": "default:feat:full-screen",
      "fatherId": {
        "$oid": "632aaa31c8093b9a2007d175"
      },
      "orderNum": 5,
      "path": "/default/feat/full-screen",
      "menuType": "C",
      "visible": true,
      "status": true,
      "icon": "dashboard",
      "alIcon": null,
      "newLinkFlag": false,
      "createdAt": {
        "$date": {
          "$numberLong": "1663740465914"
        }
      },
      "updatedAt": {
        "$date": {
          "$numberLong": "1663757128018"
        }
      },
      "__v": 0
    },
    {
      "_id": {
        "$oid": "632aaa31c8093b9a2007d18c"
      },
      "id": 104,
      "menuName": "các thành phần",
      "code": "default:comp",
      "fatherId": 0,
      "orderNum": 4,
      "path": "/default/comp",
      "menuType": "C",
      "visible": true,
      "status": true,
      "icon": "star",
      "alIcon": null,
      "newLinkFlag": false,
      "createdAt": {
        "$date": {
          "$numberLong": "1663740465914"
        }
      },
      "updatedAt": {
        "$date": {
          "$numberLong": "1663740465914"
        }
      },
      "__v": 0
    },
    {
      "_id": {
        "$oid": "632aaa31c8093b9a2007d18e"
      },
      "id": 111,
      "menuName": "Thành phần chi tiết",
      "code": "default:comp:desc",
      "fatherId": {
        "$oid": "632aaa31c8093b9a2007d18c"
      },
      "orderNum": 5,
      "path": "/default/comp/desc",
      "menuType": "C",
      "visible": true,
      "status": true,
      "icon": "dashboard",
      "alIcon": null,
      "newLinkFlag": false,
      "createdAt": {
        "$date": {
          "$numberLong": "1663740465914"
        }
      },
      "updatedAt": {
        "$date": {
          "$numberLong": "1663757128018"
        }
      },
      "__v": 0
    },
    {
      "_id": {
        "$oid": "632aaa31c8093b9a2007d18f"
      },
      "id": 56,
      "menuName": "danh sách thẻ",
      "code": "default:page-demo:list:card-table",
      "fatherId": {
        "$oid": "632aaa31c8093b9a2007d15e"
      },
      "orderNum": 5,
      "path": "/default/page-demo/list/card-table",
      "menuType": "C",
      "visible": true,
      "status": true,
      "icon": "table",
      "alIcon": null,
      "newLinkFlag": false,
      "createdAt": {
        "$date": {
          "$numberLong": "1663740465914"
        }
      },
      "updatedAt": {
        "$date": {
          "$numberLong": "1663757128018"
        }
      },
      "__v": 0
    },
    {
      "_id": {
        "$oid": "632aaa31c8093b9a2007d191"
      },
      "id": 67,
      "menuName": "trang ngoại lệ",
      "code": "default:page-demo:except",
      "fatherId": {
        "$oid": "632aaa31c8093b9a2007d15f"
      },
      "orderNum": 5,
      "path": "/default/page-demo/except",
      "menuType": "C",
      "visible": true,
      "status": true,
      "icon": "warning",
      "alIcon": null,
      "newLinkFlag": false,
      "createdAt": {
        "$date": {
          "$numberLong": "1663740465914"
        }
      },
      "updatedAt": {
        "$date": {
          "$numberLong": "1663757128017"
        }
      },
      "__v": 0
    },
    {
      "_id": {
        "$oid": "632aaa31c8093b9a2007d190"
      },
      "id": 149,
      "menuName": "không có dữ liệu",
      "code": "default:page-demo:except:no-data",
      "fatherId": {
        "$oid": "632aaa31c8093b9a2007d191"
      },
      "orderNum": 5,
      "path": "/default/page-demo/except/no-data",
      "menuType": "C",
      "visible": true,
      "status": true,
      "icon": "warning",
      "alIcon": null,
      "newLinkFlag": false,
      "createdAt": {
        "$date": {
          "$numberLong": "1663740465914"
        }
      },
      "updatedAt": {
        "$date": {
          "$numberLong": "1663757128018"
        }
      },
      "__v": 0
    },
    {
      "_id": {
        "$oid": "632aaa31c8093b9a2007d194"
      },
      "id": 120,
      "menuName": "Quản lý hệ thống",
      "code": "default:system",
      "fatherId": 0,
      "orderNum": 6,
      "path": "/default/system",
      "menuType": "C",
      "visible": true,
      "status": true,
      "icon": "menu",
      "alIcon": "",
      "newLinkFlag": false,
      "createdAt": {
        "$date": {
          "$numberLong": "1663740465914"
        }
      },
      "updatedAt": {
        "$date": {
          "$numberLong": "1663740465914"
        }
      },
      "__v": 0
    },
    {
      "_id": {
        "$oid": "632aaa31c8093b9a2007d193"
      },
      "id": 71,
      "menuName": "trang cá nhân",
      "code": "default:page-demo:personal",
      "fatherId": {
        "$oid": "632aaa31c8093b9a2007d15f"
      },
      "orderNum": 6,
      "path": "/default/page-demo/personal",
      "menuType": "C",
      "visible": true,
      "status": true,
      "icon": "user",
      "alIcon": null,
      "newLinkFlag": false,
      "createdAt": {
        "$date": {
          "$numberLong": "1663740465914"
        }
      },
      "updatedAt": {
        "$date": {
          "$numberLong": "1663757128018"
        }
      },
      "__v": 0
    },
    {
      "_id": {
        "$oid": "632aaa31c8093b9a2007d192"
      },
      "id": 113,
      "menuName": "menu nhiều cấp",
      "code": "default:level",
      "fatherId": 0,
      "orderNum": 5,
      "path": "/default/level",
      "menuType": "C",
      "visible": true,
      "status": true,
      "icon": "menu",
      "alIcon": null,
      "newLinkFlag": false,
      "createdAt": {
        "$date": {
          "$numberLong": "1663740465914"
        }
      },
      "updatedAt": {
        "$date": {
          "$numberLong": "1663740465914"
        }
      },
      "__v": 0
    },
    {
      "_id": {
        "$oid": "632aaa31c8093b9a2007d195"
      },
      "id": 82,
      "menuName": "Tác vụ tab",
      "code": "default:feat:tabs",
      "fatherId": {
        "$oid": "632aaa31c8093b9a2007d175"
      },
      "orderNum": 6,
      "path": "/default/feat/tabs",
      "menuType": "C",
      "visible": true,
      "status": true,
      "icon": "dashboard",
      "alIcon": null,
      "newLinkFlag": false,
      "createdAt": {
        "$date": {
          "$numberLong": "1663740465914"
        }
      },
      "updatedAt": {
        "$date": {
          "$numberLong": "1663757128018"
        }
      },
      "__v": 0
    },
    {
      "_id": {
        "$oid": "632aaa31c8093b9a2007d196"
      },
      "id": 112,
      "menuName": "Thành phần kiểm tra độ mạnh của mật khẩu",
      "code": "default:comp:strength-meter",
      "fatherId": {
        "$oid": "632aaa31c8093b9a2007d18c"
      },
      "orderNum": 6,
      "path": "/default/comp/strength-meter",
      "menuType": "C",
      "visible": true,
      "status": true,
      "icon": "dashboard",
      "alIcon": null,
      "newLinkFlag": false,
      "createdAt": {
        "$date": {
          "$numberLong": "1663740465914"
        }
      },
      "updatedAt": {
        "$date": {
          "$numberLong": "1663757128018"
        }
      },
      "__v": 0
    },
    {
      "_id": {
        "$oid": "632aaa31c8093b9a2007d197"
      },
      "id": 83,
      "menuName": "phương thức modal",
      "code": "default:feat:ex-modal",
      "fatherId": {
        "$oid": "632aaa31c8093b9a2007d175"
      },
      "orderNum": 7,
      "path": "/default/feat/ex-modal",
      "menuType": "C",
      "visible": true,
      "status": true,
      "icon": "dashboard",
      "alIcon": null,
      "newLinkFlag": false,
      "createdAt": {
        "$date": {
          "$numberLong": "1663740465914"
        }
      },
      "updatedAt": {
        "$date": {
          "$numberLong": "1663757128018"
        }
      },
      "__v": 0
    },
    {
      "_id": {
        "$oid": "632aaa31c8093b9a2007d198"
      },
      "id": 147,
      "menuName": "Form",
      "code": "default:comp:form",
      "fatherId": {
        "$oid": "632aaa31c8093b9a2007d18c"
      },
      "orderNum": 7,
      "path": "/default/comp/form",
      "menuType": "C",
      "visible": true,
      "status": true,
      "icon": "form",
      "alIcon": null,
      "newLinkFlag": false,
      "createdAt": {
        "$date": {
          "$numberLong": "1663740465914"
        }
      },
      "updatedAt": {
        "$date": {
          "$numberLong": "1663757128018"
        }
      },
      "__v": 0
    },
    {
      "_id": {
        "$oid": "632aaa31c8093b9a2007d199"
      },
      "id": 125,
      "menuName": "About",
      "code": "default:about",
      "fatherId": 0,
      "orderNum": 7,
      "path": "/default/about",
      "menuType": "C",
      "visible": true,
      "status": true,
      "icon": "",
      "alIcon": "icon-medium",
      "newLinkFlag": false,
      "createdAt": {
        "$date": {
          "$numberLong": "1663740465914"
        }
      },
      "updatedAt": {
        "$date": {
          "$numberLong": "1663740465914"
        }
      },
      "__v": 0
    },
    {
      "_id": {
        "$oid": "632aaa31c8093b9a2007d19a"
      },
      "id": 74,
      "menuName": "Biên tập đồ họa",
      "code": "default:page-demo:flow",
      "fatherId": {
        "$oid": "632aaa31c8093b9a2007d15f"
      },
      "orderNum": 7,
      "path": "/default/page-demo/flow",
      "menuType": "C",
      "visible": true,
      "status": true,
      "icon": null,
      "alIcon": "icon-mel-help",
      "newLinkFlag": false,
      "createdAt": {
        "$date": {
          "$numberLong": "1663740465914"
        }
      },
      "updatedAt": {
        "$date": {
          "$numberLong": "1663757128018"
        }
      },
      "__v": 0
    },
    {
      "_id": {
        "$oid": "632aaa31c8093b9a2007d19b"
      },
      "id": 84,
      "menuName": "ngăn kéo đóng gói",
      "code": "default:feat:ex-drawer",
      "fatherId": {
        "$oid": "632aaa31c8093b9a2007d175"
      },
      "orderNum": 8,
      "path": "/default/feat/ex-drawer",
      "menuType": "C",
      "visible": true,
      "status": true,
      "icon": "dashboard",
      "alIcon": null,
      "newLinkFlag": false,
      "createdAt": {
        "$date": {
          "$numberLong": "1663740465914"
        }
      },
      "updatedAt": {
        "$date": {
          "$numberLong": "1663757128018"
        }
      },
      "__v": 0
    },
    {
      "_id": {
        "$oid": "632aaa31c8093b9a2007d19c"
      },
      "id": 85,
      "menuName": "văn bản đa dạng thức",
      "code": "default:feat:rich-text",
      "fatherId": {
        "$oid": "632aaa31c8093b9a2007d175"
      },
      "orderNum": 9,
      "path": "/default/feat/rich-text",
      "menuType": "C",
      "visible": true,
      "status": true,
      "icon": "dashboard",
      "alIcon": null,
      "newLinkFlag": false,
      "createdAt": {
        "$date": {
          "$numberLong": "1663740465914"
        }
      },
      "updatedAt": {
        "$date": {
          "$numberLong": "1663757128018"
        }
      },
      "__v": 0
    },
    {
      "_id": {
        "$oid": "632aaa31c8093b9a2007d19e"
      },
      "id": 87,
      "menuName": "tài liệu bên ngoài",
      "code": "default:feat:frame",
      "fatherId": {
        "$oid": "632aaa31c8093b9a2007d175"
      },
      "orderNum": 11,
      "path": "/default/feat/frame",
      "menuType": "C",
      "visible": true,
      "status": true,
      "icon": "dashboard",
      "alIcon": null,
      "newLinkFlag": false,
      "createdAt": {
        "$date": {
          "$numberLong": "1663740465914"
        }
      },
      "updatedAt": {
        "$date": {
          "$numberLong": "1663757128018"
        }
      },
      "__v": 0
    },
    {
      "_id": {
        "$oid": "632aaa31c8093b9a2007d19d"
      },
      "id": 86,
      "menuName": "clickOutSide",
      "code": "default:feat:click-out-side",
      "fatherId": {
        "$oid": "632aaa31c8093b9a2007d175"
      },
      "orderNum": 10,
      "path": "/default/feat/click-out-side",
      "menuType": "C",
      "visible": true,
      "status": true,
      "icon": "dashboard",
      "alIcon": null,
      "newLinkFlag": false,
      "createdAt": {
        "$date": {
          "$numberLong": "1663740465914"
        }
      },
      "updatedAt": {
        "$date": {
          "$numberLong": "1663757128018"
        }
      },
      "__v": 0
    },
    {
      "_id": {
        "$oid": "632aaa31c8093b9a2007d19f"
      },
      "id": 90,
      "menuName": "thanh cuộn",
      "code": "default:feat:scroll",
      "fatherId": {
        "$oid": "632aaa31c8093b9a2007d175"
      },
      "orderNum": 12,
      "path": "/default/feat/scroll",
      "menuType": "C",
      "visible": true,
      "status": true,
      "icon": "dashboard",
      "alIcon": null,
      "newLinkFlag": false,
      "createdAt": {
        "$date": {
          "$numberLong": "1663740465914"
        }
      },
      "updatedAt": {
        "$date": {
          "$numberLong": "1663757128018"
        }
      },
      "__v": 0
    },
    {
      "_id": {
        "$oid": "632aaa31c8093b9a2007d1a0"
      },
      "id": 93,
      "menuName": "Charts",
      "code": "default:feat:charts",
      "fatherId": {
        "$oid": "632aaa31c8093b9a2007d175"
      },
      "orderNum": 13,
      "path": "/default/feat/charts",
      "menuType": "C",
      "visible": true,
      "status": true,
      "icon": "dashboard",
      "alIcon": null,
      "newLinkFlag": false,
      "createdAt": {
        "$date": {
          "$numberLong": "1663740465914"
        }
      },
      "updatedAt": {
        "$date": {
          "$numberLong": "1663757128018"
        }
      },
      "__v": 0
    },
    {
      "_id": {
        "$oid": "632aaa31c8093b9a2007d1a1"
      },
      "id": 97,
      "menuName": "Các phương thức đăng nhập khác",
      "code": "blank:other-login",
      "fatherId": {
        "$oid": "632aaa31c8093b9a2007d175"
      },
      "orderNum": 14,
      "path": "/blank/other-login",
      "menuType": "C",
      "visible": true,
      "status": true,
      "icon": "dashboard",
      "alIcon": null,
      "newLinkFlag": false,
      "createdAt": {
        "$date": {
          "$numberLong": "1663740465914"
        }
      },
      "updatedAt": {
        "$date": {
          "$numberLong": "1663757128018"
        }
      },
      "__v": 0
    },
    {
      "_id": {
        "$oid": "632aaa31c8093b9a2007d1a2"
      },
      "id": 99,
      "menuName": "công cụ chọn màu",
      "code": "default:feat:color-sel",
      "fatherId": {
        "$oid": "632aaa31c8093b9a2007d175"
      },
      "orderNum": 15,
      "path": "/default/feat/color-sel",
      "menuType": "C",
      "visible": true,
      "status": true,
      "icon": "usergroup-delete",
      "alIcon": null,
      "newLinkFlag": false,
      "createdAt": {
        "$date": {
          "$numberLong": "1663740465914"
        }
      },
      "updatedAt": {
        "$date": {
          "$numberLong": "1663757128018"
        }
      },
      "__v": 0
    },
    {
      "_id": {
        "$oid": "632aaa31c8093b9a2007d1a3"
      },
      "id": 100,
      "menuName": "nước gợn sóng",
      "code": "default:feat:ripple",
      "fatherId": {
        "$oid": "632aaa31c8093b9a2007d175"
      },
      "orderNum": 16,
      "path": "/default/feat/ripple",
      "menuType": "C",
      "visible": true,
      "status": true,
      "icon": "usergroup-delete",
      "alIcon": null,
      "newLinkFlag": false,
      "createdAt": {
        "$date": {
          "$numberLong": "1663740465914"
        }
      },
      "updatedAt": {
        "$date": {
          "$numberLong": "1663757128018"
        }
      },
      "__v": 0
    },
    {
      "_id": {
        "$oid": "632aaa31c8093b9a2007d1a5"
      },
      "id": 102,
      "menuName": "Trang trống",
      "code": "blank:empty-page",
      "fatherId": {
        "$oid": "632aaa31c8093b9a2007d175"
      },
      "orderNum": 18,
      "path": "/blank/empty-page",
      "menuType": "C",
      "visible": true,
      "status": true,
      "icon": "usergroup-delete",
      "alIcon": null,
      "newLinkFlag": false,
      "createdAt": {
        "$date": {
          "$numberLong": "1663740465915"
        }
      },
      "updatedAt": {
        "$date": {
          "$numberLong": "1663757128018"
        }
      },
      "__v": 0
    },
    {
      "_id": {
        "$oid": "632aaa31c8093b9a2007d1a6"
      },
      "id": 103,
      "menuName": "Trang hướng dẫn",
      "code": "default:feat:setup",
      "fatherId": {
        "$oid": "632aaa31c8093b9a2007d175"
      },
      "orderNum": 19,
      "path": "/default/feat/setup",
      "menuType": "C",
      "visible": true,
      "status": true,
      "icon": "codepen",
      "alIcon": null,
      "newLinkFlag": false,
      "createdAt": {
        "$date": {
          "$numberLong": "1663740465915"
        }
      },
      "updatedAt": {
        "$date": {
          "$numberLong": "1663757128018"
        }
      },
      "__v": 0
    },
    {
      "_id": {
        "$oid": "632aaa31c8093b9a2007d1a9"
      },
      "id": 144,
      "menuName": "Tải lên tệp",
      "code": "default:feat:upload",
      "fatherId": {
        "$oid": "632aaa31c8093b9a2007d175"
      },
      "orderNum": 22,
      "path": "/default/feat/upload",
      "menuType": "C",
      "visible": true,
      "status": true,
      "icon": "up",
      "alIcon": null,
      "newLinkFlag": false,
      "createdAt": {
        "$date": {
          "$numberLong": "1663740465915"
        }
      },
      "updatedAt": {
        "$date": {
          "$numberLong": "1663757128018"
        }
      },
      "__v": 0
    },
    {
      "_id": {
        "$oid": "632aaa31c8093b9a2007d1a8"
      },
      "id": 142,
      "menuName": "websocket",
      "code": "default:feat:websocket",
      "fatherId": {
        "$oid": "632aaa31c8093b9a2007d175"
      },
      "orderNum": 21,
      "path": "/default/feat/websocket",
      "menuType": "C",
      "visible": true,
      "status": true,
      "icon": "border-horizontal",
      "alIcon": null,
      "newLinkFlag": false,
      "createdAt": {
        "$date": {
          "$numberLong": "1663740465915"
        }
      },
      "updatedAt": {
        "$date": {
          "$numberLong": "1663757128018"
        }
      },
      "__v": 0
    },
    {
      "_id": {
        "$oid": "632aaa31c8093b9a2007d1a7"
      },
      "id": 141,
      "menuName": "Đăng nhập đã hết thời gian",
      "code": "default:feat:session-timeout",
      "fatherId": {
        "$oid": "632aaa31c8093b9a2007d175"
      },
      "orderNum": 20,
      "path": "/default/feat/session-timeout",
      "menuType": "C",
      "visible": true,
      "status": true,
      "icon": "yuque",
      "alIcon": null,
      "newLinkFlag": false,
      "createdAt": {
        "$date": {
          "$numberLong": "1663740465915"
        }
      },
      "updatedAt": {
        "$date": {
          "$numberLong": "1663757128018"
        }
      },
      "__v": 0
    },
    {
      "_id": {
        "$oid": "632aaa31c8093b9a2007d17e"
      },
      "id": 107,
      "menuName": "Excel trực tuyến",
      "code": "default:comp:luckysheet",
      "fatherId": {
        "$oid": "632aaa31c8093b9a2007d18c"
      },
      "orderNum": 3,
      "path": "/default/comp/luckysheet",
      "menuType": "C",
      "visible": true,
      "status": true,
      "icon": "dashboard",
      "alIcon": null,
      "newLinkFlag": false,
      "createdAt": {
        "$date": {
          "$numberLong": "1663740465914"
        }
      },
      "updatedAt": {
        "$date": {
          "$numberLong": "1663757128018"
        }
      },
      "__v": 0
    },
    {
      "_id": {
        "$oid": "632aaa31c8093b9a2007d185"
      },
      "id": 108,
      "menuName": "Tải chậm thành phần",
      "code": "default:comp:lazy",
      "fatherId": {
        "$oid": "632aaa31c8093b9a2007d18c"
      },
      "orderNum": 4,
      "path": "/default/comp/lazy",
      "menuType": "C",
      "visible": true,
      "status": true,
      "icon": "dashboard",
      "alIcon": null,
      "newLinkFlag": false,
      "createdAt": {
        "$date": {
          "$numberLong": "1663740465914"
        }
      },
      "updatedAt": {
        "$date": {
          "$numberLong": "1663757128018"
        }
      },
      "__v": 0
    },
    {
      "_id": {
        "$oid": "632aaa31c8093b9a2007d1ab"
      },
      "id": 145,
      "menuName": "biên tập mã",
      "code": "default:feat:editor",
      "fatherId": {
        "$oid": "632aaa31c8093b9a2007d175"
      },
      "orderNum": 24,
      "path": "/default/feat/editor",
      "menuType": "C",
      "visible": true,
      "status": true,
      "icon": "arrow-down",
      "alIcon": null,
      "newLinkFlag": false,
      "createdAt": {
        "$date": {
          "$numberLong": "1663740465915"
        }
      },
      "updatedAt": {
        "$date": {
          "$numberLong": "1663757128018"
        }
      },
      "__v": 0
    },
    {
      "_id": {
        "$oid": "632aaa31c8093b9a2007d1a4"
      },
      "id": 101,
      "menuName": "bìa kẹp hồ sơ",
      "code": "default:feat:copy",
      "fatherId": {
        "$oid": "632aaa31c8093b9a2007d175"
      },
      "orderNum": 17,
      "path": "/default/feat/copy",
      "menuType": "C",
      "visible": true,
      "status": true,
      "icon": "usergroup-delete",
      "alIcon": null,
      "newLinkFlag": false,
      "createdAt": {
        "$date": {
          "$numberLong": "1663740465914"
        }
      },
      "updatedAt": {
        "$date": {
          "$numberLong": "1663757128018"
        }
      },
      "__v": 0
    },
    {
      "_id": {
        "$oid": "632aaa31c8093b9a2007d1aa"
      },
      "id": 143,
      "menuName": "tập tin tải về",
      "code": "default:feat:download",
      "fatherId": {
        "$oid": "632aaa31c8093b9a2007d175"
      },
      "orderNum": 23,
      "path": "/default/feat/download",
      "menuType": "C",
      "visible": true,
      "status": true,
      "icon": "arrow-down",
      "alIcon": null,
      "newLinkFlag": false,
      "createdAt": {
        "$date": {
          "$numberLong": "1663740465915"
        }
      },
      "updatedAt": {
        "$date": {
          "$numberLong": "1663757128018"
        }
      },
      "__v": 0
    }
  ],
  "available": true,
  "dienthoai": "0901948123",
  "phongban_id": "632ebaa07e9ad9aeef4e3d24",
  "sex": 1,
  "zalo": "0901140464"
},{
  "_id": {
    "$oid": "6326cc23358896fc1f30e2c3"
  },
  "name": "Admin",
  "email": "devadmin@gmail.com",
  "password": "$2a$10$GcfxVajehGlEmVeDA0o57O26RnoEOQJnJqhMCIqRaucw6Zu051d7C",
  "role_id": [
    {
      "$oid": "6321f4aaa87e4e2fe4dd8818"
    },
    {
      "$oid": "6321f4aaa87e4e2fe4dd8817"
    },
    {
      "$oid": "636da04254464cdda6477b0b"
    }
  ],
  "account_id": [],
  "createdAt": {
    "$date": {
      "$numberLong": "1663487011854"
    }
  },
  "updatedAt": {
    "$date": {
      "$numberLong": "1670428371324"
    }
  },
  "__v": 0,
  "available": true,
  "dienthoai": "0901140464",
  "phongban_id": "632eaa27587987101675d399",
  "sex": 1,
  "zalo": "0901140123"
},{
  "_id": {
    "$oid": "6330422427ad9a97dd9b3039"
  },
  "name": "hoangluu",
  "available": true,
  "sex": 1,
  "email": "hoangluu@gmail.com",
  "dienthoai": "89087890",
  "zalo": "89080980",
  "password": "$2a$10$51JQ1W7FSsPiygn0N6QRU.GMn0GAwW4bZj7M4wKtGzi7rN0LHW/Xm",
  "role_id": [
    {
      "$oid": "6321f4aaa87e4e2fe4dd8818"
    },
    {
      "$oid": "6331b3ce65e0507984482ba8"
    }
  ],
  "account_id": [],
  "menulist": [],
  "phongban_id": "636cf775974c56587047691e",
  "lastLoginTime": {
    "$date": {
      "$numberLong": "1664107043969"
    }
  },
  "createdAt": {
    "$date": {
      "$numberLong": "1664107044055"
    }
  },
  "updatedAt": {
    "$date": {
      "$numberLong": "1668221755106"
    }
  },
  "__v": 0
},{
  "_id": {
    "$oid": "6330429127ad9a97dd9b3042"
  },
  "name": "namtk",
  "available": true,
  "sex": 1,
  "email": "namtk@gmail.com",
  "dienthoai": "23423423",
  "zalo": "23423423",
  "password": "$2a$10$Dcc.kXVOM7ujzFsHpRfopexx.iKfOU7QsIVn.aZJHQknJX3d1krgy",
  "role_id": [
    {
      "$oid": "6321f4aaa87e4e2fe4dd8817"
    },
    {
      "$oid": "6321f4aaa87e4e2fe4dd8818"
    },
    {
      "$oid": "636da04254464cdda6477b0b"
    }
  ],
  "account_id": [],
  "menulist": [],
  "phongban_id": "636cf775974c56587047691e",
  "lastLoginTime": {
    "$date": {
      "$numberLong": "1664107153878"
    }
  },
  "createdAt": {
    "$date": {
      "$numberLong": "1664107153949"
    }
  },
  "updatedAt": {
    "$date": {
      "$numberLong": "1668133196311"
    }
  },
  "__v": 0
},{
  "_id": {
    "$oid": "637263970e79c57e2954e9ac"
  },
  "name": "Khách lẻ",
  "available": true,
  "sex": 1,
  "email": "khachhang@gmail.com",
  "dienthoai": "0901140464",
  "zalo": "0901140464",
  "password": "$2a$10$Wa617yCcjvGLn6VIyxnT9.88gbzh4yCIx7AML2Noeys48LuwX9x0q",
  "role_id": [
    {
      "$oid": "6331b3ce65e0507984482ba8"
    }
  ],
  "account_id": [],
  "menulist": [],
  "phongban_id": "632ebaf77e9ad9aeef4e3d27",
  "lastLoginTime": {
    "$date": {
      "$numberLong": "1668440983131"
    }
  },
  "createdAt": {
    "$date": {
      "$numberLong": "1668440983204"
    }
  },
  "updatedAt": {
    "$date": {
      "$numberLong": "1669468125199"
    }
  },
  "__v": 0,
  "diachi": "Đà Nẵng",
  "groupid": "13412342134"
},{
  "_id": {
    "$oid": "637ed12455e0ca1071a48021"
  },
  "name": "Anh A",
  "available": true,
  "sex": 1,
  "email": "canhkdp@gmail.com",
  "dienthoai": "0901140468",
  "zalo": "0901140464",
  "password": "$2a$10$tT3QZ5KR7rtNQU2eEtMAgOJ5FVKXk4rDA2KMwcRupZMeRWki/UecK",
  "role_id": [
    {
      "$oid": "6331b3ce65e0507984482ba8"
    }
  ],
  "account_id": [],
  "menulist": [],
  "phongban_id": "632ebaf77e9ad9aeef4e3d27",
  "lastLoginTime": {
    "$date": {
      "$numberLong": "1669255460898"
    }
  },
  "createdAt": {
    "$date": {
      "$numberLong": "1669255461000"
    }
  },
  "updatedAt": {
    "$date": {
      "$numberLong": "1672038209373"
    }
  },
  "__v": 0,
  "diachi": "Huế",
  "groupid": "13412342134"
},{
  "_id": {
    "$oid": "6390b7949202869fc3d2350b"
  },
  "name": "test",
  "available": true,
  "sex": 1,
  "email": "test@gmail.com",
  "dienthoai": "0901010101",
  "zalo": "0901010101",
  "password": "$2a$10$GKTMS.37Nt/OcAhXOs0ebu5XjC17LVf.oCJmmMg4SxXrudmazdJ/2",
  "role_id": [
    {
      "$oid": "636da04254464cdda6477b0b"
    }
  ],
  "account_id": [],
  "menulist": [],
  "phongban_id": "632eaa27587987101675d399",
  "lastLoginTime": {
    "$date": {
      "$numberLong": "1670428564510"
    }
  },
  "createdAt": {
    "$date": {
      "$numberLong": "1670428564591"
    }
  },
  "updatedAt": {
    "$date": {
      "$numberLong": "1670428564591"
    }
  },
  "__v": 0
},{
  "_id": {
    "$oid": "63a9479377ffca0b15f3e4c3"
  },
  "name": "Anh B",
  "available": true,
  "sex": 1,
  "email": "anhb@gmail.com",
  "dienthoai": "0901140464",
  "zalo": "0901140464",
  "password": "$2a$10$DacOmn78LNF1sh3mbzw3zuaXPDr1d3v8geZ3VllXaQUXCy153k3xO",
  "role_id": [
    {
      "$oid": "6331b3ce65e0507984482ba8"
    }
  ],
  "account_id": [],
  "menulist": [],
  "phongban_id": "632ebaf77e9ad9aeef4e3d27",
  "lastLoginTime": {
    "$date": {
      "$numberLong": "1672038291556"
    }
  },
  "createdAt": {
    "$date": {
      "$numberLong": "1672038291657"
    }
  },
  "updatedAt": {
    "$date": {
      "$numberLong": "1672038347143"
    }
  },
  "__v": 0,
  "diachi": "Đà Nẵng",
  "groupid": "1324123123"
}]